<metadata xml:lang="es"><Esri><CreaDate>20211203</CreaDate><CreaTime>16433300</CreaTime><ArcGISFormat>1.0</ArcGISFormat><SyncOnce>FALSE</SyncOnce><DataProperties><lineage><Process ToolSource="c:\program files (x86)\arcgis\desktop10.3\ArcToolbox\Toolboxes\Data Management Tools.tbx\AddField" Date="20200528" Time="132628">AddField "F:\GESTION_2020\TERRITORIAL_BOYACA\GDB BOYACA\15176.gdb\RURAL\R_UNIDAD" cod_cero TEXT # # 30 # NULLABLE NON_REQUIRED #</Process><Process ToolSource="c:\program files (x86)\arcgis\desktop10.3\ArcToolbox\Toolboxes\Data Management Tools.tbx\CalculateField" Date="20200528" Time="132630">CalculateField "F:\GESTION_2020\TERRITORIAL_BOYACA\GDB BOYACA\15176.gdb\RURAL\R_UNIDAD" cod_cero "151760000000000000000000000000" PYTHON #</Process><Process ToolSource="c:\program files (x86)\arcgis\desktop10.3\ArcToolbox\Toolboxes\Data Management Tools.tbx\CalculateField" Date="20200528" Time="132631">CalculateField "F:\GESTION_2020\TERRITORIAL_BOYACA\GDB BOYACA\15176.gdb\RURAL\R_UNIDAD" codigo cod VB "Dim cod\n\nIf (IsNull([codigo])) Then\n cod = [cod_cero]\nElse\n cod = [codigo]\nEnd If"</Process><Process ToolSource="c:\program files (x86)\arcgis\desktop10.3\ArcToolbox\Toolboxes\Data Management Tools.tbx\CalculateField" Date="20200528" Time="132632">CalculateField "F:\GESTION_2020\TERRITORIAL_BOYACA\GDB BOYACA\15176.gdb\RURAL\R_UNIDAD" terreno_codigo cod VB "Dim cod\n\nIf (IsNull([terreno_codigo])) Then\n cod = [cod_cero]\nElse\n cod = [terreno_codigo]\nEnd If"</Process><Process ToolSource="c:\program files (x86)\arcgis\desktop10.3\ArcToolbox\Toolboxes\Data Management Tools.tbx\CalculateField" Date="20200528" Time="132633">CalculateField "F:\GESTION_2020\TERRITORIAL_BOYACA\GDB BOYACA\15176.gdb\RURAL\R_UNIDAD" construccion_codigo cod VB "Dim cod\n\nIf (IsNull([construccion_codigo])) Then\n cod = [cod_cero]\nElse\n cod = [construccion_codigo]\nEnd If"</Process><Process ToolSource="c:\program files (x86)\arcgis\desktop10.3\ArcToolbox\Toolboxes\Data Management Tools.tbx\CalculateField" Date="20200528" Time="132634">CalculateField "F:\GESTION_2020\TERRITORIAL_BOYACA\GDB BOYACA\15176.gdb\RURAL\R_UNIDAD" codigo cod VB "Dim cod\ndim objRegExp : set objRegExp = new RegExp\nwith objRegExp\n        .Pattern = "[a-zñáéíóú_-]+|[A-ZÑÁÉÍÓÚ]+|[\s\*\.\,]+" \n        .IgnoreCase = True\n        .Global = True\n    end with\n\nrespuesta=objRegExp.test( [codigo] )\n\nIf respuesta = True Then\n  cod= [cod_cero] \nElseIf (len([codigo]) &lt;&gt; 30) Then\n cod = [cod_cero] \nElse\n   cod= [codigo] \nEnd If"</Process><Process ToolSource="c:\program files (x86)\arcgis\desktop10.3\ArcToolbox\Toolboxes\Data Management Tools.tbx\CalculateField" Date="20200528" Time="132635">CalculateField "F:\GESTION_2020\TERRITORIAL_BOYACA\GDB BOYACA\15176.gdb\RURAL\R_UNIDAD" terreno_codigo cod VB "Dim cod\ndim objRegExp : set objRegExp = new RegExp\nwith objRegExp\n        .Pattern = "[a-zñáéíóú_-]+|[A-ZÑÁÉÍÓÚ]+|[\s\*\.\,]+" \n        .IgnoreCase = True\n        .Global = True\n    end with\n\nrespuesta=objRegExp.test([terreno_codigo])\n\nIf respuesta = True Then\n  cod= [cod_cero] \nElseIf (len([terreno_codigo]) &lt;&gt; 30) Then\n cod = [cod_cero] \nElse\n   cod= [terreno_codigo] \nEnd If"</Process><Process ToolSource="c:\program files (x86)\arcgis\desktop10.3\ArcToolbox\Toolboxes\Data Management Tools.tbx\CalculateField" Date="20200528" Time="132636">CalculateField "F:\GESTION_2020\TERRITORIAL_BOYACA\GDB BOYACA\15176.gdb\RURAL\R_UNIDAD" construccion_codigo cod VB "Dim cod\ndim objRegExp : set objRegExp = new RegExp\nwith objRegExp\n        .Pattern = "[a-zñáéíóú_-]+|[A-ZÑÁÉÍÓÚ]+|[\s\*\.\,]+" \n        .IgnoreCase = True\n        .Global = True\n    end with\n\nrespuesta=objRegExp.test([construccion_codigo])\n\nIf respuesta = True Then\n  cod= [cod_cero] \nElseIf (len([construccion_codigo]) &lt;&gt; 30) Then\n cod = [cod_cero] \nElse\n   cod= [construccion_codigo] \nEnd If"</Process><Process ToolSource="c:\program files (x86)\arcgis\desktop10.3\ArcToolbox\Toolboxes\Data Management Tools.tbx\CalculateField" Date="20200528" Time="132637">CalculateField "F:\GESTION_2020\TERRITORIAL_BOYACA\GDB BOYACA\15176.gdb\RURAL\R_UNIDAD" identificador identif VB "Dim identif\n\nIf (IsNull([identificador])) Then\n identif = "_"\n ElseIf [identificador]=" " Then\n identif = "_"\n Else\n identif = [identificador]\nEnd If"</Process><Process ToolSource="c:\program files (x86)\arcgis\desktop10.3\ArcToolbox\Toolboxes\Data Management Tools.tbx\DeleteField" Date="20200528" Time="132638">DeleteField "F:\GESTION_2020\TERRITORIAL_BOYACA\GDB BOYACA\15176.gdb\RURAL\R_UNIDAD" cod_cero</Process><Process ToolSource="c:\program files (x86)\arcgis\desktop10.3\ArcToolbox\Toolboxes\Data Management Tools.tbx\ChangePrivileges" Date="20200723" Time="153644">ChangePrivileges 'Database Connections\chiquinquira.sde\gdb_15176_np.admin.RURAL\gdb_15176_np.admin.R_CONSTRUCCION';'Database Connections\chiquinquira.sde\gdb_15176_np.admin.RURAL\gdb_15176_np.admin.R_NOMENCLATURA_DOMICILIARIA';'Database Connections\chiquinquira.sde\gdb_15176_np.admin.RURAL\gdb_15176_np.admin.R_NOMENCLATURA_VIAL';'Database Connections\chiquinquira.sde\gdb_15176_np.admin.RURAL\gdb_15176_np.admin.R_SECTOR';'Database Connections\chiquinquira.sde\gdb_15176_np.admin.RURAL\gdb_15176_np.admin.R_TERRENO';'Database Connections\chiquinquira.sde\gdb_15176_np.admin.RURAL\gdb_15176_np.admin.R_UNIDAD';'Database Connections\chiquinquira.sde\gdb_15176_np.admin.RURAL\gdb_15176_np.admin.R_VEREDA';'Database Connections\chiquinquira.sde\gdb_15176_np.admin.URBANO\gdb_15176_np.admin.U_BARRIO';'Database Connections\chiquinquira.sde\gdb_15176_np.admin.URBANO\gdb_15176_np.admin.U_CONSTRUCCION';'Database Connections\chiquinquira.sde\gdb_15176_np.admin.URBANO\gdb_15176_np.admin.U_MANZANA';'Database Connections\chiquinquira.sde\gdb_15176_np.admin.URBANO\gdb_15176_np.admin.U_NOMENCLATURA_DOMICILIARIA';'Database Connections\chiquinquira.sde\gdb_15176_np.admin.URBANO\gdb_15176_np.admin.U_NOMENCLATURA_VIAL';'Database Connections\chiquinquira.sde\gdb_15176_np.admin.URBANO\gdb_15176_np.admin.U_PERIMETRO';'Database Connections\chiquinquira.sde\gdb_15176_np.admin.URBANO\gdb_15176_np.admin.U_SECTOR';'Database Connections\chiquinquira.sde\gdb_15176_np.admin.URBANO\gdb_15176_np.admin.U_TERRENO';'Database Connections\chiquinquira.sde\gdb_15176_np.admin.URBANO\gdb_15176_np.admin.U_UNIDAD' qaqc1 GRANT GRANT</Process><Process ToolSource="c:\program files (x86)\arcgis\desktop10.3\ArcToolbox\Toolboxes\Data Management Tools.tbx\ChangePrivileges" Date="20200723" Time="153955">ChangePrivileges 'Database Connections\chiquinquira.sde\gdb_15176_np.admin.RURAL\gdb_15176_np.admin.R_CONSTRUCCION';'Database Connections\chiquinquira.sde\gdb_15176_np.admin.RURAL\gdb_15176_np.admin.R_NOMENCLATURA_DOMICILIARIA';'Database Connections\chiquinquira.sde\gdb_15176_np.admin.RURAL\gdb_15176_np.admin.R_NOMENCLATURA_VIAL';'Database Connections\chiquinquira.sde\gdb_15176_np.admin.RURAL\gdb_15176_np.admin.R_SECTOR';'Database Connections\chiquinquira.sde\gdb_15176_np.admin.RURAL\gdb_15176_np.admin.R_TERRENO';'Database Connections\chiquinquira.sde\gdb_15176_np.admin.RURAL\gdb_15176_np.admin.R_UNIDAD';'Database Connections\chiquinquira.sde\gdb_15176_np.admin.RURAL\gdb_15176_np.admin.R_VEREDA';'Database Connections\chiquinquira.sde\gdb_15176_np.admin.URBANO\gdb_15176_np.admin.U_BARRIO';'Database Connections\chiquinquira.sde\gdb_15176_np.admin.URBANO\gdb_15176_np.admin.U_CONSTRUCCION';'Database Connections\chiquinquira.sde\gdb_15176_np.admin.URBANO\gdb_15176_np.admin.U_MANZANA';'Database Connections\chiquinquira.sde\gdb_15176_np.admin.URBANO\gdb_15176_np.admin.U_NOMENCLATURA_DOMICILIARIA';'Database Connections\chiquinquira.sde\gdb_15176_np.admin.URBANO\gdb_15176_np.admin.U_NOMENCLATURA_VIAL';'Database Connections\chiquinquira.sde\gdb_15176_np.admin.URBANO\gdb_15176_np.admin.U_PERIMETRO';'Database Connections\chiquinquira.sde\gdb_15176_np.admin.URBANO\gdb_15176_np.admin.U_SECTOR';'Database Connections\chiquinquira.sde\gdb_15176_np.admin.URBANO\gdb_15176_np.admin.U_TERRENO';'Database Connections\chiquinquira.sde\gdb_15176_np.admin.URBANO\gdb_15176_np.admin.U_UNIDAD' recon11 GRANT GRANT</Process><Process Name="codigo_municipio (14)" ToolSource="c:\program files (x86)\arcgis\desktop10.3\ArcToolbox\Toolboxes\Data Management Tools.tbx\AddField" Date="20211128" Time="222648">AddField F:\BASES_2021\BASES_MIGRACION_BOYACA\15176.gdb\RURAL\R_UNIDAD codigo_municipio TEXT # # 5 codigo_municipio NULLABLE NON_REQUIRED #</Process><Process Name="GLOBALID_SNC (14)" ToolSource="c:\program files (x86)\arcgis\desktop10.3\ArcToolbox\Toolboxes\Data Management Tools.tbx\AddField" Date="20211128" Time="222648">AddField F:\BASES_2021\BASES_MIGRACION_BOYACA\15176.gdb\RURAL\R_UNIDAD GLOBALID_SNC TEXT # # 38 GLOBALID_SNC NULLABLE NON_REQUIRED #</Process><Process Name="usuario-log (8)" ToolSource="c:\program files (x86)\arcgis\desktop10.3\ArcToolbox\Toolboxes\Data Management Tools.tbx\AddField" Date="20211128" Time="222725">AddField F:\BASES_2021\BASES_MIGRACION_BOYACA\15176.gdb\RURAL\R_UNIDAD Usuario_log TEXT # # 100 Usuario_log NULLABLE NON_REQUIRED #</Process><Process Name="fecha_log1 (9)" ToolSource="c:\program files (x86)\arcgis\desktop10.3\ArcToolbox\Toolboxes\Data Management Tools.tbx\AddField" Date="20211128" Time="222728">AddField F:\BASES_2021\BASES_MIGRACION_BOYACA\15176.gdb\RURAL\R_UNIDAD Fecha_log DATE # # 38 Fecha_log NULLABLE NON_REQUIRED #</Process><Process Name="Calculate Field (28)" ToolSource="c:\program files (x86)\arcgis\desktop10.3\ArcToolbox\Toolboxes\Data Management Tools.tbx\CalculateField" Date="20211129" Time="072132">CalculateField F:\BASES_2021\BASES_MIGRACION_BOYACA\15176.gdb\RURAL\R_UNIDAD codigo_municipio 15176 VB #</Process><Process Name="Calculate Field (29)" ToolSource="c:\program files (x86)\arcgis\desktop10.3\ArcToolbox\Toolboxes\Data Management Tools.tbx\CalculateField" Date="20211129" Time="072133">CalculateField F:\BASES_2021\BASES_MIGRACION_BOYACA\15176.gdb\RURAL\R_UNIDAD usuario_log "ACTUALIZACION_2021" VB #</Process><Process Name="Calculate Field (30)" ToolSource="c:\program files (x86)\arcgis\desktop10.3\ArcToolbox\Toolboxes\Data Management Tools.tbx\CalculateField" Date="20211129" Time="072133">CalculateField F:\BASES_2021\BASES_MIGRACION_BOYACA\15176.gdb\RURAL\R_UNIDAD GLOBALID_SNC ID() PYTHON_9.3 "def ID():\n  import uuid\n  return '{' + str(uuid.uuid4()) + '}'"</Process><Process Name="fecha" ToolSource="c:\program files (x86)\arcgis\desktop10.3\ArcToolbox\Toolboxes\Data Management Tools.tbx\CalculateField" Date="20211129" Time="072228">CalculateField F:\BASES_2021\BASES_MIGRACION_BOYACA\15176.gdb\RURAL\R_UNIDAD Fecha_log "Date (  )" VB #</Process><Process Name="TERRENO_CODIGO (5)" ToolSource="c:\program files (x86)\arcgis\desktop10.3\ArcToolbox\Toolboxes\Data Management Tools.tbx\CalculateField" Date="20211129" Time="125700">CalculateField F:\BASES_2021\BASES_MIGRACION_BOYACA\15176.gdb\RURAL\R_UNIDAD terreno_codigo evaluar(!TERRENO_CODIGO!) PYTHON "def evaluar(terreno_cod):\n    if terreno_cod:\n        return terreno_cod\n    else: \n        return ' '"</Process><Process Name="CODIGO (7)" ToolSource="c:\program files (x86)\arcgis\desktop10.3\ArcToolbox\Toolboxes\Data Management Tools.tbx\CalculateField" Date="20211129" Time="125700">CalculateField F:\BASES_2021\BASES_MIGRACION_BOYACA\15176.gdb\RURAL\R_UNIDAD codigo evaluar(!codigo!) PYTHON "def evaluar(cod):\n    if cod:\n        return cod\n    else: \n        return ' '"</Process><Process Name="construccion_codigo" ToolSource="c:\program files (x86)\arcgis\desktop10.3\ArcToolbox\Toolboxes\Data Management Tools.tbx\CalculateField" Date="20211129" Time="125700">CalculateField F:\BASES_2021\BASES_MIGRACION_BOYACA\15176.gdb\RURAL\R_UNIDAD construccion_codigo evaluar(!construccion_codigo!) PYTHON "def evaluar(const):\n    if const:\n        return const\n    else: \n        return ' '"</Process><Process Name="identificad_2" ToolSource="c:\program files (x86)\arcgis\desktop10.3\ArcToolbox\Toolboxes\Data Management Tools.tbx\CalculateField" Date="20211129" Time="125700">CalculateField F:\BASES_2021\BASES_MIGRACION_BOYACA\15176.gdb\RURAL\R_UNIDAD identificador evaluar(!identificador!) PYTHON "def evaluar(iden):\n    if iden:\n        return iden\n    else: \n        return ' '"</Process><Process Name="etiqeta1 (2)" ToolSource="c:\program files (x86)\arcgis\desktop10.3\ArcToolbox\Toolboxes\Data Management Tools.tbx\CalculateField" Date="20211129" Time="125700">CalculateField F:\BASES_2021\BASES_MIGRACION_BOYACA\15176.gdb\RURAL\R_UNIDAD etiqueta evaluar(!etiqueta!) PYTHON "def evaluar(etiq):\n    if etiq:\n        return etiq\n    else: \n        return ' '"</Process><Process Name="codigo_municipio (14)" ToolSource="c:\program files (x86)\arcgis\desktop10.3\ArcToolbox\Toolboxes\Data Management Tools.tbx\AddField" Date="20211130" Time="124400">AddField F:\BASES_2021\BASES_MIGRACION_BOYACA\15176.gdb\RURAL\R_UNIDAD codigo_municipio TEXT # # 5 codigo_municipio NULLABLE NON_REQUIRED #</Process><Process Name="GLOBALID_SNC (14)" ToolSource="c:\program files (x86)\arcgis\desktop10.3\ArcToolbox\Toolboxes\Data Management Tools.tbx\AddField" Date="20211130" Time="124400">AddField F:\BASES_2021\BASES_MIGRACION_BOYACA\15176.gdb\RURAL\R_UNIDAD GLOBALID_SNC TEXT # # 38 GLOBALID_SNC NULLABLE NON_REQUIRED #</Process><Process Name="usuario-log (8)" ToolSource="c:\program files (x86)\arcgis\desktop10.3\ArcToolbox\Toolboxes\Data Management Tools.tbx\AddField" Date="20211130" Time="124430">AddField F:\BASES_2021\BASES_MIGRACION_BOYACA\15176.gdb\RURAL\R_UNIDAD Usuario_log TEXT # # 100 Usuario_log NULLABLE NON_REQUIRED #</Process><Process Name="fecha_log1 (9)" ToolSource="c:\program files (x86)\arcgis\desktop10.3\ArcToolbox\Toolboxes\Data Management Tools.tbx\AddField" Date="20211130" Time="124433">AddField F:\BASES_2021\BASES_MIGRACION_BOYACA\15176.gdb\RURAL\R_UNIDAD Fecha_log DATE # # 38 Fecha_log NULLABLE NON_REQUIRED #</Process><Process Name="GLOBALID_N1 (8)" ToolSource="c:\program files (x86)\arcgis\desktop10.3\ArcToolbox\Toolboxes\Data Management Tools.tbx\AddField" Date="20211130" Time="124440">AddField F:\BASES_2021\BASES_MIGRACION_BOYACA\15176.gdb\RURAL\R_UNIDAD GLOBALID TEXT # # 38 globalid NULLABLE NON_REQUIRED #</Process><Process Name="Calculate Field (28)" ToolSource="c:\program files (x86)\arcgis\desktop10.3\ArcToolbox\Toolboxes\Data Management Tools.tbx\CalculateField" Date="20211130" Time="162511">CalculateField F:\BASES_2021\BASES_MIGRACION_BOYACA\15176.gdb\RURAL\R_UNIDAD codigo_municipio 15176 VB #</Process><Process Name="Calculate Field (29)" ToolSource="c:\program files (x86)\arcgis\desktop10.3\ArcToolbox\Toolboxes\Data Management Tools.tbx\CalculateField" Date="20211130" Time="162512">CalculateField F:\BASES_2021\BASES_MIGRACION_BOYACA\15176.gdb\RURAL\R_UNIDAD usuario_log "ACTUALIZACION_2021" VB #</Process><Process Name="Calculate Field (30)" ToolSource="c:\program files (x86)\arcgis\desktop10.3\ArcToolbox\Toolboxes\Data Management Tools.tbx\CalculateField" Date="20211130" Time="162512">CalculateField F:\BASES_2021\BASES_MIGRACION_BOYACA\15176.gdb\RURAL\R_UNIDAD GLOBALID_SNC ID() PYTHON_9.3 "def ID():\n  import uuid\n  return '{' + str(uuid.uuid4()) + '}'"</Process><Process Name="fecha" ToolSource="c:\program files (x86)\arcgis\desktop10.3\ArcToolbox\Toolboxes\Data Management Tools.tbx\CalculateField" Date="20211130" Time="162630">CalculateField F:\BASES_2021\BASES_MIGRACION_BOYACA\15176.gdb\RURAL\R_UNIDAD Fecha_log "Date (  )" VB #</Process><Process Name="Calculate Field (120)" ToolSource="c:\program files (x86)\arcgis\desktop10.3\ArcToolbox\Toolboxes\Data Management Tools.tbx\CalculateField" Date="20211130" Time="162710">CalculateField F:\BASES_2021\BASES_MIGRACION_BOYACA\15176.gdb\RURAL\R_UNIDAD globalid ID() PYTHON_9.3 "def ID():\n  import uuid\n  return '{' + str(uuid.uuid4()) + '}'"</Process><Process ToolSource="c:\program files\arcgis\pro\Resources\ArcToolbox\toolboxes\Data Management Tools.tbx\UpdateSchema" Date="20230509" Time="142725">UpdateSchema "CIMDATA=&lt;CIMFeatureDatasetDataConnection xsi:type='typens:CIMFeatureDatasetDataConnection' xmlns:xsi='http://www.w3.org/2001/XMLSchema-instance' xmlns:xs='http://www.w3.org/2001/XMLSchema' xmlns:typens='http://www.esri.com/schemas/ArcGIS/3.1.0'&gt;&lt;FeatureDataset&gt;RURAL&lt;/FeatureDataset&gt;&lt;WorkspaceConnectionString&gt;DATABASE=D:\02-Entrega 18 abril\INFORMACION GEOGRAFICA\InfoGeo.gdb&lt;/WorkspaceConnectionString&gt;&lt;WorkspaceFactory&gt;FileGDB&lt;/WorkspaceFactory&gt;&lt;Dataset&gt;R_UNIDAD&lt;/Dataset&gt;&lt;DatasetType&gt;esriDTFeatureClass&lt;/DatasetType&gt;&lt;/CIMFeatureDatasetDataConnection&gt;" &lt;operationSequence&gt;&lt;workflow&gt;&lt;AddField&gt;&lt;field_name&gt;Aream2&lt;/field_name&gt;&lt;field_type&gt;DOUBLE&lt;/field_type&gt;&lt;field_is_nullable&gt;True&lt;/field_is_nullable&gt;&lt;field_is_required&gt;False&lt;/field_is_required&gt;&lt;/AddField&gt;&lt;/workflow&gt;&lt;/operationSequence&gt;</Process><Process ToolSource="c:\program files\arcgis\pro\Resources\ArcToolbox\toolboxes\Data Management Tools.tbx\CalculateGeometryAttributes" Date="20230509" Time="142825">CalculateGeometryAttributes R_UNIDAD "Aream2 AREA" # "Square Meters" # "Same as input"</Process><Process ToolSource="c:\program files\arcgis\pro\Resources\ArcToolbox\toolboxes\Data Management Tools.tbx\DeleteField" Date="20230509" Time="142843">DeleteField R_UNIDAD Aream2 "Delete Fields"</Process><Process ToolSource="c:\program files\arcgis\pro\Resources\ArcToolbox\toolboxes\Conversion Tools.tbx\ExportFeatures" Date="20230512" Time="125454">ExportFeatures Rural\R_UNIDAD "D:\02-Entrega 18 abril\INFORMACION GEOGRAFICA\DatosAbiertos\R_Unidad.shp" # NOT_USE_ALIAS "CODIGO "Codigo" true true true 30 Text 0 0,First,#,Rural\R_UNIDAD,CODIGO,0,30;TERRENO_CODIGO "Terreno_Codigo" true true false 30 Text 0 0,First,#,Rural\R_UNIDAD,TERRENO_CODIGO,0,30;CONSTRUCCION_CODIGO "Construccion_Codigo" true true false 30 Text 0 0,First,#,Rural\R_UNIDAD,CONSTRUCCION_CODIGO,0,30;PLANTA "Planta" true true true 5 Text 0 0,First,#,Rural\R_UNIDAD,PLANTA,0,5;TIPO_CONSTRUCCION "Tipo_Construccion" true true true 20 Text 0 0,First,#,Rural\R_UNIDAD,TIPO_CONSTRUCCION,0,20;TIPO_DOMINIO "Tipo_Dominio" true true true 20 Text 0 0,First,#,Rural\R_UNIDAD,TIPO_DOMINIO,0,20;ETIQUETA "Etiqueta" true true false 50 Text 0 0,First,#,Rural\R_UNIDAD,ETIQUETA,0,50;IDENTIFICADOR "Identificador" true true true 2 Text 0 0,First,#,Rural\R_UNIDAD,IDENTIFICADOR,0,2;USUARIO_LOG "Usuario_Log" true true false 100 Text 0 0,First,#,Rural\R_UNIDAD,USUARIO_LOG,0,100;FECHA_LOG "Fecha_Log" true true false 8 Date 0 0,First,#,Rural\R_UNIDAD,FECHA_LOG,-1,-1;CODIGO_MUNICIPIO "codigo_municipio" true true false 5 Text 0 0,First,#,Rural\R_UNIDAD,CODIGO_MUNICIPIO,0,5;GLOBALID_SNC "GLOBALID_SNC" true true false 38 Text 0 0,First,#,Rural\R_UNIDAD,GLOBALID_SNC,0,38;GLOBALID "globalid" true true false 38 Text 0 0,First,#,Rural\R_UNIDAD,GLOBALID,0,38;SHAPE_Length "SHAPE_Length" false true true 8 Double 0 0,First,#,Rural\R_UNIDAD,SHAPE_Length,-1,-1;SHAPE_Area "SHAPE_Area" false true true 8 Double 0 0,First,#,Rural\R_UNIDAD,SHAPE_Area,-1,-1" #</Process><Process ToolSource="c:\program files\arcgis\pro\Resources\ArcToolbox\Toolboxes\Data Management Tools.tbx\DeleteField" Date="20230512" Time="140301">DeleteField Rural\R_Unidad USUARIO_LO;FECHA_LOG;GLOBALID_S;GLOBALID "Delete Fields"</Process></lineage><itemProps><itemLocation><linkage Sync="TRUE">file://\\LAPTOP-P970B5NA\D$\02-Entrega 18 abril\INFORMACION GEOGRAFICA\DatosAbiertos\R_Unidad.shp</linkage><protocol Sync="TRUE">Local Area Network</protocol></itemLocation><itemName Sync="TRUE">R_Unidad</itemName><imsContentType Sync="TRUE">002</imsContentType><itemSize Sync="TRUE">0.000</itemSize></itemProps><coordRef><type Sync="TRUE">Projected</type><geogcsn Sync="TRUE">GCS_SISTEMA_DE_REFERENCIA_GEOCENTRICO_PARA_AMERICA_DEL_SUR_2000</geogcsn><csUnits Sync="TRUE">Linear Unit: Meter (1.000000)</csUnits><projcsn Sync="TRUE">MAGNA_SIRGAS_Origen_Nacional</projcsn><peXml Sync="TRUE">&lt;ProjectedCoordinateSystem xsi:type='typens:ProjectedCoordinateSystem' xmlns:xsi='http://www.w3.org/2001/XMLSchema-instance' xmlns:xs='http://www.w3.org/2001/XMLSchema' xmlns:typens='http://www.esri.com/schemas/ArcGIS/3.1.0'&gt;&lt;WKT&gt;PROJCS[&amp;quot;MAGNA_SIRGAS_Origen_Nacional&amp;quot;,GEOGCS[&amp;quot;GCS_SISTEMA_DE_REFERENCIA_GEOCENTRICO_PARA_AMERICA_DEL_SUR_2000&amp;quot;,DATUM[&amp;quot;D_SISTEMA_DE_REFERENCIA_GEOCENTRICO_PARA_AMERICA_DEL_SUR_2000&amp;quot;,SPHEROID[&amp;quot;GRS_1980&amp;quot;,6378137.0,298.257222101]],PRIMEM[&amp;quot;Greenwich&amp;quot;,0.0],UNIT[&amp;quot;Degree&amp;quot;,0.0174532925199433]],PROJECTION[&amp;quot;Transverse_Mercator&amp;quot;],PARAMETER[&amp;quot;false_easting&amp;quot;,5000000.0],PARAMETER[&amp;quot;false_northing&amp;quot;,2000000.0],PARAMETER[&amp;quot;central_meridian&amp;quot;,-73.0],PARAMETER[&amp;quot;scale_factor&amp;quot;,0.9992],PARAMETER[&amp;quot;latitude_of_origin&amp;quot;,4.0],UNIT[&amp;quot;Meter&amp;quot;,1.0]]&lt;/WKT&gt;&lt;XOrigin&gt;-618700&lt;/XOrigin&gt;&lt;YOrigin&gt;-8436100&lt;/YOrigin&gt;&lt;XYScale&gt;450623577.52990448&lt;/XYScale&gt;&lt;ZOrigin&gt;-100000&lt;/ZOrigin&gt;&lt;ZScale&gt;10000&lt;/ZScale&gt;&lt;MOrigin&gt;-100000&lt;/MOrigin&gt;&lt;MScale&gt;10000&lt;/MScale&gt;&lt;XYTolerance&gt;0.001&lt;/XYTolerance&gt;&lt;ZTolerance&gt;0.001&lt;/ZTolerance&gt;&lt;MTolerance&gt;0.001&lt;/MTolerance&gt;&lt;HighPrecision&gt;true&lt;/HighPrecision&gt;&lt;/ProjectedCoordinateSystem&gt;</peXml></coordRef></DataProperties><SyncDate>20230512</SyncDate><SyncTime>12545400</SyncTime><ModDate>20230512</ModDate><ModTime>12545400</ModTime></Esri><dataIdInfo><envirDesc Sync="TRUE">Microsoft Windows 10 Version 10.0 (Build 22621) ; Esri ArcGIS 13.1.0.41833</envirDesc><dataLang><languageCode value="spa" Sync="TRUE"></languageCode><countryCode value="USA" Sync="TRUE"></countryCode></dataLang><idCitation><resTitle Sync="TRUE">R_Unidad</resTitle><presForm><PresFormCd value="005" Sync="TRUE"></PresFormCd></presForm></idCitation><spatRpType><SpatRepTypCd value="001" Sync="TRUE"></SpatRepTypCd></spatRpType></dataIdInfo><mdLang><languageCode value="spa" Sync="TRUE"></languageCode><countryCode value="USA" Sync="TRUE"></countryCode></mdLang><distInfo><distFormat><formatName Sync="TRUE">Shapefile</formatName></distFormat><distTranOps><transSize Sync="TRUE">0.000</transSize></distTranOps></distInfo><mdHrLv><ScopeCd value="005" Sync="TRUE"></ScopeCd></mdHrLv><mdHrLvName Sync="TRUE">dataset</mdHrLvName><refSysInfo><RefSystem><refSysID><identCode code="0" Sync="TRUE"></identCode></refSysID></RefSystem></refSysInfo><spatRepInfo><VectSpatRep><geometObjs Name="R_Unidad"><geoObjTyp><GeoObjTypCd value="002" Sync="TRUE"></GeoObjTypCd></geoObjTyp><geoObjCnt Sync="TRUE">0</geoObjCnt></geometObjs><topLvl><TopoLevCd value="001" Sync="TRUE"></TopoLevCd></topLvl></VectSpatRep></spatRepInfo><spdoinfo><ptvctinf><esriterm Name="R_Unidad"><efeatyp Sync="TRUE">Simple</efeatyp><efeageom code="4" Sync="TRUE"></efeageom><esritopo Sync="TRUE">FALSE</esritopo><efeacnt Sync="TRUE">0</efeacnt><spindex Sync="TRUE">FALSE</spindex><linrefer Sync="TRUE">FALSE</linrefer></esriterm></ptvctinf></spdoinfo><eainfo><detailed Name="R_Unidad"><enttyp><enttypl Sync="TRUE">R_Unidad</enttypl><enttypt Sync="TRUE">Feature Class</enttypt><enttypc Sync="TRUE">0</enttypc></enttyp><attr><attrlabl Sync="TRUE">FID</attrlabl><attalias Sync="TRUE">FID</attalias><attrtype Sync="TRUE">OID</attrtype><attwidth Sync="TRUE">4</attwidth><atprecis Sync="TRUE">0</atprecis><attscale Sync="TRUE">0</attscale><attrdef Sync="TRUE">Internal feature number.</attrdef><attrdefs Sync="TRUE">Esri</attrdefs><attrdomv><udom Sync="TRUE">Sequential unique whole numbers that are automatically generated.</udom></attrdomv></attr><attr><attrlabl Sync="TRUE">Shape</attrlabl><attalias Sync="TRUE">Shape</attalias><attrtype Sync="TRUE">Geometry</attrtype><attwidth Sync="TRUE">0</attwidth><atprecis Sync="TRUE">0</atprecis><attscale Sync="TRUE">0</attscale><attrdef Sync="TRUE">Feature geometry.</attrdef><attrdefs Sync="TRUE">Esri</attrdefs><attrdomv><udom Sync="TRUE">Coordinates defining the features.</udom></attrdomv></attr><attr><attrlabl Sync="TRUE">CODIGO</attrlabl><attalias Sync="TRUE">CODIGO</attalias><attrtype Sync="TRUE">String</attrtype><attwidth Sync="TRUE">30</attwidth><atprecis Sync="TRUE">0</atprecis><attscale Sync="TRUE">0</attscale></attr><attr><attrlabl Sync="TRUE">TERRENO_CO</attrlabl><attalias Sync="TRUE">TERRENO_CO</attalias><attrtype Sync="TRUE">String</attrtype><attwidth Sync="TRUE">30</attwidth><atprecis Sync="TRUE">0</atprecis><attscale Sync="TRUE">0</attscale></attr><attr><attrlabl Sync="TRUE">CONSTRUCCI</attrlabl><attalias Sync="TRUE">CONSTRUCCI</attalias><attrtype Sync="TRUE">String</attrtype><attwidth Sync="TRUE">30</attwidth><atprecis Sync="TRUE">0</atprecis><attscale Sync="TRUE">0</attscale></attr><attr><attrlabl Sync="TRUE">PLANTA</attrlabl><attalias Sync="TRUE">PLANTA</attalias><attrtype Sync="TRUE">String</attrtype><attwidth Sync="TRUE">5</attwidth><atprecis Sync="TRUE">0</atprecis><attscale Sync="TRUE">0</attscale></attr><attr><attrlabl Sync="TRUE">TIPO_CONST</attrlabl><attalias Sync="TRUE">TIPO_CONST</attalias><attrtype Sync="TRUE">String</attrtype><attwidth Sync="TRUE">20</attwidth><atprecis Sync="TRUE">0</atprecis><attscale Sync="TRUE">0</attscale></attr><attr><attrlabl Sync="TRUE">TIPO_DOMIN</attrlabl><attalias Sync="TRUE">TIPO_DOMIN</attalias><attrtype Sync="TRUE">String</attrtype><attwidth Sync="TRUE">20</attwidth><atprecis Sync="TRUE">0</atprecis><attscale Sync="TRUE">0</attscale></attr><attr><attrlabl Sync="TRUE">ETIQUETA</attrlabl><attalias Sync="TRUE">ETIQUETA</attalias><attrtype Sync="TRUE">String</attrtype><attwidth Sync="TRUE">50</attwidth><atprecis Sync="TRUE">0</atprecis><attscale Sync="TRUE">0</attscale></attr><attr><attrlabl Sync="TRUE">IDENTIFICA</attrlabl><attalias Sync="TRUE">IDENTIFICA</attalias><attrtype Sync="TRUE">String</attrtype><attwidth Sync="TRUE">2</attwidth><atprecis Sync="TRUE">0</atprecis><attscale Sync="TRUE">0</attscale></attr><attr><attrlabl Sync="TRUE">USUARIO_LO</attrlabl><attalias Sync="TRUE">USUARIO_LO</attalias><attrtype Sync="TRUE">String</attrtype><attwidth Sync="TRUE">100</attwidth><atprecis Sync="TRUE">0</atprecis><attscale Sync="TRUE">0</attscale></attr><attr><attrlabl Sync="TRUE">FECHA_LOG</attrlabl><attalias Sync="TRUE">FECHA_LOG</attalias><attrtype Sync="TRUE">Date</attrtype><attwidth Sync="TRUE">8</attwidth><atprecis Sync="TRUE">0</atprecis><attscale Sync="TRUE">0</attscale></attr><attr><attrlabl Sync="TRUE">CODIGO_MUN</attrlabl><attalias Sync="TRUE">CODIGO_MUN</attalias><attrtype Sync="TRUE">String</attrtype><attwidth Sync="TRUE">5</attwidth><atprecis Sync="TRUE">0</atprecis><attscale Sync="TRUE">0</attscale></attr><attr><attrlabl Sync="TRUE">GLOBALID_S</attrlabl><attalias Sync="TRUE">GLOBALID_S</attalias><attrtype Sync="TRUE">String</attrtype><attwidth Sync="TRUE">38</attwidth><atprecis Sync="TRUE">0</atprecis><attscale Sync="TRUE">0</attscale></attr><attr><attrlabl Sync="TRUE">GLOBALID</attrlabl><attalias Sync="TRUE">GLOBALID</attalias><attrtype Sync="TRUE">String</attrtype><attwidth Sync="TRUE">38</attwidth><atprecis Sync="TRUE">0</atprecis><attscale Sync="TRUE">0</attscale></attr><attr><attrlabl Sync="TRUE">SHAPE_Leng</attrlabl><attalias Sync="TRUE">SHAPE_Leng</attalias><attrtype Sync="TRUE">Double</attrtype><attwidth Sync="TRUE">19</attwidth><atprecis Sync="TRUE">0</atprecis><attscale Sync="TRUE">0</attscale></attr><attr><attrlabl Sync="TRUE">SHAPE_Area</attrlabl><attalias Sync="TRUE">SHAPE_Area</attalias><attrtype Sync="TRUE">Double</attrtype><attwidth Sync="TRUE">19</attwidth><atprecis Sync="TRUE">0</atprecis><attscale Sync="TRUE">0</attscale><attrdef Sync="TRUE">Area of feature in internal units squared.</attrdef><attrdefs Sync="TRUE">Esri</attrdefs><attrdomv><udom Sync="TRUE">Positive real numbers that are automatically generated.</udom></attrdomv></attr></detailed></eainfo><mdDateSt Sync="TRUE">20230512</mdDateSt></metadata>
