<metadata xml:lang="es"><Esri><CreaDate>20211203</CreaDate><CreaTime>16433700</CreaTime><ArcGISFormat>1.0</ArcGISFormat><SyncOnce>FALSE</SyncOnce><DataProperties><lineage><Process ToolSource="c:\program files (x86)\arcgis\desktop10.3\ArcToolbox\Toolboxes\Data Management Tools.tbx\AddField" Date="20200528" Time="132644">AddField "F:\GESTION_2020\TERRITORIAL_BOYACA\GDB BOYACA\15176.gdb\RURAL\R_VEREDA" cod_cero TEXT # # 30 # NULLABLE NON_REQUIRED #</Process><Process ToolSource="c:\program files (x86)\arcgis\desktop10.3\ArcToolbox\Toolboxes\Data Management Tools.tbx\CalculateField" Date="20200528" Time="132645">CalculateField "F:\GESTION_2020\TERRITORIAL_BOYACA\GDB BOYACA\15176.gdb\RURAL\R_VEREDA" cod_cero "151760000000000000000000000000" PYTHON #</Process><Process ToolSource="c:\program files (x86)\arcgis\desktop10.3\ArcToolbox\Toolboxes\Data Management Tools.tbx\CalculateField" Date="20200528" Time="132646">CalculateField "F:\GESTION_2020\TERRITORIAL_BOYACA\GDB BOYACA\15176.gdb\RURAL\R_VEREDA" codigo cod VB "Dim cod\n\nIf (IsNull([codigo])) Then\n cod = Mid([cod_cero],1,17)\nElse\n cod = [codigo]\nEnd If"</Process><Process ToolSource="c:\program files (x86)\arcgis\desktop10.3\ArcToolbox\Toolboxes\Data Management Tools.tbx\CalculateField" Date="20200528" Time="132647">CalculateField "F:\GESTION_2020\TERRITORIAL_BOYACA\GDB BOYACA\15176.gdb\RURAL\R_VEREDA" sector_codigo cod VB "Dim cod\n\nIf (IsNull([sector_codigo])) Then\n cod = Mid([cod_cero],1,9)\nElse\n cod = [sector_codigo]\nEnd If"</Process><Process ToolSource="c:\program files (x86)\arcgis\desktop10.3\ArcToolbox\Toolboxes\Data Management Tools.tbx\CalculateField" Date="20200528" Time="132648">CalculateField "F:\GESTION_2020\TERRITORIAL_BOYACA\GDB BOYACA\15176.gdb\RURAL\R_VEREDA" codigo_anterior cod VB "Dim cod\n\nIf (IsNull([codigo_anterior])) Then\n cod = Mid([cod_cero],1,13)\nElse\n cod = [codigo_anterior]\nEnd If"</Process><Process ToolSource="c:\program files (x86)\arcgis\desktop10.3\ArcToolbox\Toolboxes\Data Management Tools.tbx\CalculateField" Date="20200528" Time="132650">CalculateField "F:\GESTION_2020\TERRITORIAL_BOYACA\GDB BOYACA\15176.gdb\RURAL\R_VEREDA" codigo cod VB "Dim cod\ndim objRegExp : set objRegExp = new RegExp\nwith objRegExp\n        .Pattern = "[a-zñáéíóú_-]+|[A-ZÑÁÉÍÓÚ]+|[\s\*\.\,]+" \n        .IgnoreCase = True\n        .Global = True\n    end with\n\nrespuesta=objRegExp.test( [codigo] )\n\nIf respuesta = True Then\n  cod= Mid([cod_cero],1,17) \nElseIf (len([codigo]) &lt;&gt; 17) Then\n cod = Mid([cod_cero],1,17) \nElse\n   cod= [codigo] \nEnd If"</Process><Process ToolSource="c:\program files (x86)\arcgis\desktop10.3\ArcToolbox\Toolboxes\Data Management Tools.tbx\CalculateField" Date="20200528" Time="132651">CalculateField "F:\GESTION_2020\TERRITORIAL_BOYACA\GDB BOYACA\15176.gdb\RURAL\R_VEREDA" sector_codigo cod VB "Dim cod\ndim objRegExp : set objRegExp = new RegExp\nwith objRegExp\n        .Pattern = "[a-zñáéíóú_-]+|[A-ZÑÁÉÍÓÚ]+|[\s\*\.\,]+" \n        .IgnoreCase = True\n        .Global = True\n    end with\n\nrespuesta=objRegExp.test([sector_codigo])\n\nIf respuesta = True Then\n  cod= Mid([cod_cero],1,9) \nElseIf (len([sector_codigo]) &lt;&gt; 9) Then\n cod = Mid([cod_cero],1,9) \nElse\n   cod= [sector_codigo] \nEnd If"</Process><Process ToolSource="c:\program files (x86)\arcgis\desktop10.3\ArcToolbox\Toolboxes\Data Management Tools.tbx\CalculateField" Date="20200528" Time="132652">CalculateField "F:\GESTION_2020\TERRITORIAL_BOYACA\GDB BOYACA\15176.gdb\RURAL\R_VEREDA" nombre cod VB "Dim cod\n\nIf (IsNull([nombre])) Then\n cod = "_" \nElseIf [nombre]=" " Then\n cod = "_" \n\nElseIf [nombre]="" Then\n cod = "_" \nElse\n cod = [nombre]\nEnd If"</Process><Process ToolSource="c:\program files (x86)\arcgis\desktop10.3\ArcToolbox\Toolboxes\Data Management Tools.tbx\DeleteField" Date="20200528" Time="132653">DeleteField "F:\GESTION_2020\TERRITORIAL_BOYACA\GDB BOYACA\15176.gdb\RURAL\R_VEREDA" cod_cero</Process><Process ToolSource="c:\program files (x86)\arcgis\desktop10.3\ArcToolbox\Toolboxes\Data Management Tools.tbx\ChangePrivileges" Date="20200723" Time="153645">ChangePrivileges 'Database Connections\chiquinquira.sde\gdb_15176_np.admin.RURAL\gdb_15176_np.admin.R_CONSTRUCCION';'Database Connections\chiquinquira.sde\gdb_15176_np.admin.RURAL\gdb_15176_np.admin.R_NOMENCLATURA_DOMICILIARIA';'Database Connections\chiquinquira.sde\gdb_15176_np.admin.RURAL\gdb_15176_np.admin.R_NOMENCLATURA_VIAL';'Database Connections\chiquinquira.sde\gdb_15176_np.admin.RURAL\gdb_15176_np.admin.R_SECTOR';'Database Connections\chiquinquira.sde\gdb_15176_np.admin.RURAL\gdb_15176_np.admin.R_TERRENO';'Database Connections\chiquinquira.sde\gdb_15176_np.admin.RURAL\gdb_15176_np.admin.R_UNIDAD';'Database Connections\chiquinquira.sde\gdb_15176_np.admin.RURAL\gdb_15176_np.admin.R_VEREDA';'Database Connections\chiquinquira.sde\gdb_15176_np.admin.URBANO\gdb_15176_np.admin.U_BARRIO';'Database Connections\chiquinquira.sde\gdb_15176_np.admin.URBANO\gdb_15176_np.admin.U_CONSTRUCCION';'Database Connections\chiquinquira.sde\gdb_15176_np.admin.URBANO\gdb_15176_np.admin.U_MANZANA';'Database Connections\chiquinquira.sde\gdb_15176_np.admin.URBANO\gdb_15176_np.admin.U_NOMENCLATURA_DOMICILIARIA';'Database Connections\chiquinquira.sde\gdb_15176_np.admin.URBANO\gdb_15176_np.admin.U_NOMENCLATURA_VIAL';'Database Connections\chiquinquira.sde\gdb_15176_np.admin.URBANO\gdb_15176_np.admin.U_PERIMETRO';'Database Connections\chiquinquira.sde\gdb_15176_np.admin.URBANO\gdb_15176_np.admin.U_SECTOR';'Database Connections\chiquinquira.sde\gdb_15176_np.admin.URBANO\gdb_15176_np.admin.U_TERRENO';'Database Connections\chiquinquira.sde\gdb_15176_np.admin.URBANO\gdb_15176_np.admin.U_UNIDAD' qaqc1 GRANT GRANT</Process><Process ToolSource="c:\program files (x86)\arcgis\desktop10.3\ArcToolbox\Toolboxes\Data Management Tools.tbx\ChangePrivileges" Date="20200723" Time="153956">ChangePrivileges 'Database Connections\chiquinquira.sde\gdb_15176_np.admin.RURAL\gdb_15176_np.admin.R_CONSTRUCCION';'Database Connections\chiquinquira.sde\gdb_15176_np.admin.RURAL\gdb_15176_np.admin.R_NOMENCLATURA_DOMICILIARIA';'Database Connections\chiquinquira.sde\gdb_15176_np.admin.RURAL\gdb_15176_np.admin.R_NOMENCLATURA_VIAL';'Database Connections\chiquinquira.sde\gdb_15176_np.admin.RURAL\gdb_15176_np.admin.R_SECTOR';'Database Connections\chiquinquira.sde\gdb_15176_np.admin.RURAL\gdb_15176_np.admin.R_TERRENO';'Database Connections\chiquinquira.sde\gdb_15176_np.admin.RURAL\gdb_15176_np.admin.R_UNIDAD';'Database Connections\chiquinquira.sde\gdb_15176_np.admin.RURAL\gdb_15176_np.admin.R_VEREDA';'Database Connections\chiquinquira.sde\gdb_15176_np.admin.URBANO\gdb_15176_np.admin.U_BARRIO';'Database Connections\chiquinquira.sde\gdb_15176_np.admin.URBANO\gdb_15176_np.admin.U_CONSTRUCCION';'Database Connections\chiquinquira.sde\gdb_15176_np.admin.URBANO\gdb_15176_np.admin.U_MANZANA';'Database Connections\chiquinquira.sde\gdb_15176_np.admin.URBANO\gdb_15176_np.admin.U_NOMENCLATURA_DOMICILIARIA';'Database Connections\chiquinquira.sde\gdb_15176_np.admin.URBANO\gdb_15176_np.admin.U_NOMENCLATURA_VIAL';'Database Connections\chiquinquira.sde\gdb_15176_np.admin.URBANO\gdb_15176_np.admin.U_PERIMETRO';'Database Connections\chiquinquira.sde\gdb_15176_np.admin.URBANO\gdb_15176_np.admin.U_SECTOR';'Database Connections\chiquinquira.sde\gdb_15176_np.admin.URBANO\gdb_15176_np.admin.U_TERRENO';'Database Connections\chiquinquira.sde\gdb_15176_np.admin.URBANO\gdb_15176_np.admin.U_UNIDAD' recon11 GRANT GRANT</Process><Process Name="codigo_municipio (11)" ToolSource="c:\program files (x86)\arcgis\desktop10.3\ArcToolbox\Toolboxes\Data Management Tools.tbx\AddField" Date="20211128" Time="222643">AddField F:\BASES_2021\BASES_MIGRACION_BOYACA\15176.gdb\RURAL\R_VEREDA codigo_municipio TEXT # # 5 codigo_municipio NULLABLE NON_REQUIRED #</Process><Process Name="GLOBALID_SNC (11)" ToolSource="c:\program files (x86)\arcgis\desktop10.3\ArcToolbox\Toolboxes\Data Management Tools.tbx\AddField" Date="20211128" Time="222643">AddField F:\BASES_2021\BASES_MIGRACION_BOYACA\15176.gdb\RURAL\R_VEREDA GLOBALID_SNC TEXT # # 38 GLOBALID_SNC NULLABLE NON_REQUIRED #</Process><Process Name="usuario-log (7)" ToolSource="c:\program files (x86)\arcgis\desktop10.3\ArcToolbox\Toolboxes\Data Management Tools.tbx\AddField" Date="20211128" Time="222725">AddField F:\BASES_2021\BASES_MIGRACION_BOYACA\15176.gdb\RURAL\R_VEREDA Usuario_log TEXT # # 100 Usuario_log NULLABLE NON_REQUIRED #</Process><Process Name="fecha_log1 (8)" ToolSource="c:\program files (x86)\arcgis\desktop10.3\ArcToolbox\Toolboxes\Data Management Tools.tbx\AddField" Date="20211128" Time="222728">AddField F:\BASES_2021\BASES_MIGRACION_BOYACA\15176.gdb\RURAL\R_VEREDA Fecha_log DATE # # 38 Fecha_log NULLABLE NON_REQUIRED #</Process><Process Name="Calculate Field (22)" ToolSource="c:\program files (x86)\arcgis\desktop10.3\ArcToolbox\Toolboxes\Data Management Tools.tbx\CalculateField" Date="20211129" Time="072131">CalculateField F:\BASES_2021\BASES_MIGRACION_BOYACA\15176.gdb\RURAL\R_VEREDA codigo_municipio 15176 VB #</Process><Process Name="Calculate Field (23)" ToolSource="c:\program files (x86)\arcgis\desktop10.3\ArcToolbox\Toolboxes\Data Management Tools.tbx\CalculateField" Date="20211129" Time="072131">CalculateField F:\BASES_2021\BASES_MIGRACION_BOYACA\15176.gdb\RURAL\R_VEREDA usuario_log "MIGRACION_2021" VB #</Process><Process Name="Calculate Field (24)" ToolSource="c:\program files (x86)\arcgis\desktop10.3\ArcToolbox\Toolboxes\Data Management Tools.tbx\CalculateField" Date="20211129" Time="072131">CalculateField F:\BASES_2021\BASES_MIGRACION_BOYACA\15176.gdb\RURAL\R_VEREDA GLOBALID_SNC ID() PYTHON_9.3 "def ID():\n  import uuid\n  return '{' + str(uuid.uuid4()) + '}'"</Process><Process Name="calcula_fecha2" ToolSource="c:\program files (x86)\arcgis\desktop10.3\ArcToolbox\Toolboxes\Data Management Tools.tbx\CalculateField" Date="20211129" Time="072232">CalculateField F:\BASES_2021\BASES_MIGRACION_BOYACA\15176.gdb\RURAL\R_VEREDA Fecha_log time.strftime('%d/%m/%Y') PYTHON_9.3 #</Process><Process Name="Calculate Field (9)" ToolSource="c:\program files (x86)\arcgis\desktop10.3\ArcToolbox\Toolboxes\Data Management Tools.tbx\CalculateField" Date="20211129" Time="125646">CalculateField F:\BASES_2021\BASES_MIGRACION_BOYACA\15176.gdb\RURAL\R_VEREDA codigo evaluar(!codigo!) PYTHON "def evaluar(codvr):\n    if codvr:\n        return codvr\n    else: \n        return ' '"</Process><Process Name="Calculate Field (10)" ToolSource="c:\program files (x86)\arcgis\desktop10.3\ArcToolbox\Toolboxes\Data Management Tools.tbx\CalculateField" Date="20211129" Time="125646">CalculateField F:\BASES_2021\BASES_MIGRACION_BOYACA\15176.gdb\RURAL\R_VEREDA sector_codigo evaluar(!sector_codigo!) PYTHON "def evaluar(sect_cod1):\n    if sect_cod1:\n        return sect_cod1\n    else: \n        return ' '"</Process><Process Name="CODIGO_ANTERIOR1 (4)" ToolSource="c:\program files (x86)\arcgis\desktop10.3\ArcToolbox\Toolboxes\Data Management Tools.tbx\CalculateField" Date="20211129" Time="125646">CalculateField F:\BASES_2021\BASES_MIGRACION_BOYACA\15176.gdb\RURAL\R_VEREDA codigo_anterior evaluar(!codigo_anterior!) PYTHON "def evaluar(cod_ant):\n    if cod_ant:\n        return cod_ant\n    else: \n        return ' '"</Process><Process Name="codigo_municipio (11)" ToolSource="c:\program files (x86)\arcgis\desktop10.3\ArcToolbox\Toolboxes\Data Management Tools.tbx\AddField" Date="20211130" Time="124357">AddField F:\BASES_2021\BASES_MIGRACION_BOYACA\15176.gdb\RURAL\R_VEREDA codigo_municipio TEXT # # 5 codigo_municipio NULLABLE NON_REQUIRED #</Process><Process Name="GLOBALID_SNC (11)" ToolSource="c:\program files (x86)\arcgis\desktop10.3\ArcToolbox\Toolboxes\Data Management Tools.tbx\AddField" Date="20211130" Time="124358">AddField F:\BASES_2021\BASES_MIGRACION_BOYACA\15176.gdb\RURAL\R_VEREDA GLOBALID_SNC TEXT # # 38 GLOBALID_SNC NULLABLE NON_REQUIRED #</Process><Process Name="usuario-log (7)" ToolSource="c:\program files (x86)\arcgis\desktop10.3\ArcToolbox\Toolboxes\Data Management Tools.tbx\AddField" Date="20211130" Time="124430">AddField F:\BASES_2021\BASES_MIGRACION_BOYACA\15176.gdb\RURAL\R_VEREDA Usuario_log TEXT # # 100 Usuario_log NULLABLE NON_REQUIRED #</Process><Process Name="fecha_log1 (8)" ToolSource="c:\program files (x86)\arcgis\desktop10.3\ArcToolbox\Toolboxes\Data Management Tools.tbx\AddField" Date="20211130" Time="124433">AddField F:\BASES_2021\BASES_MIGRACION_BOYACA\15176.gdb\RURAL\R_VEREDA Fecha_log DATE # # 38 Fecha_log NULLABLE NON_REQUIRED #</Process><Process Name="GLOBALID_N1 (7)" ToolSource="c:\program files (x86)\arcgis\desktop10.3\ArcToolbox\Toolboxes\Data Management Tools.tbx\AddField" Date="20211130" Time="124439">AddField F:\BASES_2021\BASES_MIGRACION_BOYACA\15176.gdb\RURAL\R_VEREDA GLOBALID TEXT # # 38 globalid NULLABLE NON_REQUIRED #</Process><Process Name="GLOBALID_N1 (9)" ToolSource="c:\program files (x86)\arcgis\desktop10.3\ArcToolbox\Toolboxes\Data Management Tools.tbx\AddField" Date="20211130" Time="124440">AddField F:\BASES_2021\BASES_MIGRACION_BOYACA\15176.gdb\RURAL\R_VEREDA GLOBALID TEXT # # 38 globalid NULLABLE NON_REQUIRED #</Process><Process Name="Calculate Field (22)" ToolSource="c:\program files (x86)\arcgis\desktop10.3\ArcToolbox\Toolboxes\Data Management Tools.tbx\CalculateField" Date="20211130" Time="162510">CalculateField F:\BASES_2021\BASES_MIGRACION_BOYACA\15176.gdb\RURAL\R_VEREDA codigo_municipio 15176 VB #</Process><Process Name="Calculate Field (23)" ToolSource="c:\program files (x86)\arcgis\desktop10.3\ArcToolbox\Toolboxes\Data Management Tools.tbx\CalculateField" Date="20211130" Time="162510">CalculateField F:\BASES_2021\BASES_MIGRACION_BOYACA\15176.gdb\RURAL\R_VEREDA usuario_log "MIGRACION_2021" VB #</Process><Process Name="Calculate Field (24)" ToolSource="c:\program files (x86)\arcgis\desktop10.3\ArcToolbox\Toolboxes\Data Management Tools.tbx\CalculateField" Date="20211130" Time="162510">CalculateField F:\BASES_2021\BASES_MIGRACION_BOYACA\15176.gdb\RURAL\R_VEREDA GLOBALID_SNC ID() PYTHON_9.3 "def ID():\n  import uuid\n  return '{' + str(uuid.uuid4()) + '}'"</Process><Process Name="calcula_fecha2" ToolSource="c:\program files (x86)\arcgis\desktop10.3\ArcToolbox\Toolboxes\Data Management Tools.tbx\CalculateField" Date="20211130" Time="162640">CalculateField F:\BASES_2021\BASES_MIGRACION_BOYACA\15176.gdb\RURAL\R_VEREDA Fecha_log time.strftime('%d/%m/%Y') PYTHON_9.3 #</Process><Process Name="Calculate Field (137)" ToolSource="c:\program files (x86)\arcgis\desktop10.3\ArcToolbox\Toolboxes\Data Management Tools.tbx\CalculateField" Date="20211130" Time="162723">CalculateField F:\BASES_2021\BASES_MIGRACION_BOYACA\15176.gdb\RURAL\R_VEREDA globalid ID() PYTHON_9.3 "def ID():\n  import uuid\n  return '{' + str(uuid.uuid4()) + '}'"</Process><Process ToolSource="c:\program files\arcgis\pro\Resources\ArcToolbox\toolboxes\Conversion Tools.tbx\ExportFeatures" Date="20230512" Time="125958">ExportFeatures Rural\R_VEREDA "D:\02-Entrega 18 abril\INFORMACION GEOGRAFICA\DatosAbiertos\R_Vereda.shp" # NOT_USE_ALIAS "CODIGO "Codigo" true true true 17 Text 0 0,First,#,Rural\R_VEREDA,CODIGO,0,17;SECTOR_CODIGO "Sector_Codigo" true true false 9 Text 0 0,First,#,Rural\R_VEREDA,SECTOR_CODIGO,0,9;NOMBRE "Nombre" true true true 100 Text 0 0,First,#,Rural\R_VEREDA,NOMBRE,0,100;CODIGO_ANTERIOR "Codigo_Anterior" true true false 13 Text 0 0,First,#,Rural\R_VEREDA,CODIGO_ANTERIOR,0,13;USUARIO_LOG "Usuario_Log" true true false 100 Text 0 0,First,#,Rural\R_VEREDA,USUARIO_LOG,0,100;FECHA_LOG "Fecha_Log" true true false 8 Date 0 0,First,#,Rural\R_VEREDA,FECHA_LOG,-1,-1;CODIGO_MUNICIPIO "codigo_municipio" true true false 5 Text 0 0,First,#,Rural\R_VEREDA,CODIGO_MUNICIPIO,0,5;GLOBALID_SNC "GLOBALID_SNC" true true false 38 Text 0 0,First,#,Rural\R_VEREDA,GLOBALID_SNC,0,38;GLOBALID "globalid" true true false 38 Text 0 0,First,#,Rural\R_VEREDA,GLOBALID,0,38;SHAPE_Length "SHAPE_Length" false true true 8 Double 0 0,First,#,Rural\R_VEREDA,SHAPE_Length,-1,-1;SHAPE_Area "SHAPE_Area" false true true 8 Double 0 0,First,#,Rural\R_VEREDA,SHAPE_Area,-1,-1" #</Process><Process ToolSource="c:\program files\arcgis\pro\Resources\ArcToolbox\Toolboxes\Data Management Tools.tbx\DeleteField" Date="20230512" Time="140236">DeleteField Rural\R_Vereda USUARIO_LO;FECHA_LOG;CODIGO_MUN;GLOBALID_S;GLOBALID "Delete Fields"</Process></lineage><itemProps><itemLocation><linkage Sync="TRUE">file://\\LAPTOP-P970B5NA\D$\02-Entrega 18 abril\INFORMACION GEOGRAFICA\DatosAbiertos\R_Vereda.shp</linkage><protocol Sync="TRUE">Local Area Network</protocol></itemLocation><itemName Sync="TRUE">R_Vereda</itemName><imsContentType Sync="TRUE">002</imsContentType><itemSize Sync="TRUE">0.000</itemSize></itemProps><coordRef><type Sync="TRUE">Projected</type><geogcsn Sync="TRUE">GCS_SISTEMA_DE_REFERENCIA_GEOCENTRICO_PARA_AMERICA_DEL_SUR_2000</geogcsn><csUnits Sync="TRUE">Linear Unit: Meter (1.000000)</csUnits><projcsn Sync="TRUE">MAGNA_SIRGAS_Origen_Nacional</projcsn><peXml Sync="TRUE">&lt;ProjectedCoordinateSystem xsi:type='typens:ProjectedCoordinateSystem' xmlns:xsi='http://www.w3.org/2001/XMLSchema-instance' xmlns:xs='http://www.w3.org/2001/XMLSchema' xmlns:typens='http://www.esri.com/schemas/ArcGIS/3.1.0'&gt;&lt;WKT&gt;PROJCS[&amp;quot;MAGNA_SIRGAS_Origen_Nacional&amp;quot;,GEOGCS[&amp;quot;GCS_SISTEMA_DE_REFERENCIA_GEOCENTRICO_PARA_AMERICA_DEL_SUR_2000&amp;quot;,DATUM[&amp;quot;D_SISTEMA_DE_REFERENCIA_GEOCENTRICO_PARA_AMERICA_DEL_SUR_2000&amp;quot;,SPHEROID[&amp;quot;GRS_1980&amp;quot;,6378137.0,298.257222101]],PRIMEM[&amp;quot;Greenwich&amp;quot;,0.0],UNIT[&amp;quot;Degree&amp;quot;,0.0174532925199433]],PROJECTION[&amp;quot;Transverse_Mercator&amp;quot;],PARAMETER[&amp;quot;false_easting&amp;quot;,5000000.0],PARAMETER[&amp;quot;false_northing&amp;quot;,2000000.0],PARAMETER[&amp;quot;central_meridian&amp;quot;,-73.0],PARAMETER[&amp;quot;scale_factor&amp;quot;,0.9992],PARAMETER[&amp;quot;latitude_of_origin&amp;quot;,4.0],UNIT[&amp;quot;Meter&amp;quot;,1.0]]&lt;/WKT&gt;&lt;XOrigin&gt;-618700&lt;/XOrigin&gt;&lt;YOrigin&gt;-8436100&lt;/YOrigin&gt;&lt;XYScale&gt;450623577.52990448&lt;/XYScale&gt;&lt;ZOrigin&gt;-100000&lt;/ZOrigin&gt;&lt;ZScale&gt;10000&lt;/ZScale&gt;&lt;MOrigin&gt;-100000&lt;/MOrigin&gt;&lt;MScale&gt;10000&lt;/MScale&gt;&lt;XYTolerance&gt;0.001&lt;/XYTolerance&gt;&lt;ZTolerance&gt;0.001&lt;/ZTolerance&gt;&lt;MTolerance&gt;0.001&lt;/MTolerance&gt;&lt;HighPrecision&gt;true&lt;/HighPrecision&gt;&lt;/ProjectedCoordinateSystem&gt;</peXml></coordRef></DataProperties><SyncDate>20230512</SyncDate><SyncTime>12595700</SyncTime><ModDate>20230512</ModDate><ModTime>12595700</ModTime></Esri><dataIdInfo><envirDesc Sync="TRUE">Microsoft Windows 10 Version 10.0 (Build 22621) ; Esri ArcGIS 13.1.0.41833</envirDesc><dataLang><languageCode value="spa" Sync="TRUE"></languageCode><countryCode value="USA" Sync="TRUE"></countryCode></dataLang><idCitation><resTitle Sync="TRUE">R_Vereda</resTitle><presForm><PresFormCd value="005" Sync="TRUE"></PresFormCd></presForm></idCitation><spatRpType><SpatRepTypCd value="001" Sync="TRUE"></SpatRepTypCd></spatRpType></dataIdInfo><mdLang><languageCode value="spa" Sync="TRUE"></languageCode><countryCode value="USA" Sync="TRUE"></countryCode></mdLang><distInfo><distFormat><formatName Sync="TRUE">Shapefile</formatName></distFormat><distTranOps><transSize Sync="TRUE">0.000</transSize></distTranOps></distInfo><mdHrLv><ScopeCd value="005" Sync="TRUE"></ScopeCd></mdHrLv><mdHrLvName Sync="TRUE">dataset</mdHrLvName><refSysInfo><RefSystem><refSysID><identCode code="0" Sync="TRUE"></identCode></refSysID></RefSystem></refSysInfo><spatRepInfo><VectSpatRep><geometObjs Name="R_Vereda"><geoObjTyp><GeoObjTypCd value="002" Sync="TRUE"></GeoObjTypCd></geoObjTyp><geoObjCnt Sync="TRUE">0</geoObjCnt></geometObjs><topLvl><TopoLevCd value="001" Sync="TRUE"></TopoLevCd></topLvl></VectSpatRep></spatRepInfo><spdoinfo><ptvctinf><esriterm Name="R_Vereda"><efeatyp Sync="TRUE">Simple</efeatyp><efeageom code="4" Sync="TRUE"></efeageom><esritopo Sync="TRUE">FALSE</esritopo><efeacnt Sync="TRUE">0</efeacnt><spindex Sync="TRUE">FALSE</spindex><linrefer Sync="TRUE">FALSE</linrefer></esriterm></ptvctinf></spdoinfo><eainfo><detailed Name="R_Vereda"><enttyp><enttypl Sync="TRUE">R_Vereda</enttypl><enttypt Sync="TRUE">Feature Class</enttypt><enttypc Sync="TRUE">0</enttypc></enttyp><attr><attrlabl Sync="TRUE">FID</attrlabl><attalias Sync="TRUE">FID</attalias><attrtype Sync="TRUE">OID</attrtype><attwidth Sync="TRUE">4</attwidth><atprecis Sync="TRUE">0</atprecis><attscale Sync="TRUE">0</attscale><attrdef Sync="TRUE">Internal feature number.</attrdef><attrdefs Sync="TRUE">Esri</attrdefs><attrdomv><udom Sync="TRUE">Sequential unique whole numbers that are automatically generated.</udom></attrdomv></attr><attr><attrlabl Sync="TRUE">Shape</attrlabl><attalias Sync="TRUE">Shape</attalias><attrtype Sync="TRUE">Geometry</attrtype><attwidth Sync="TRUE">0</attwidth><atprecis Sync="TRUE">0</atprecis><attscale Sync="TRUE">0</attscale><attrdef Sync="TRUE">Feature geometry.</attrdef><attrdefs Sync="TRUE">Esri</attrdefs><attrdomv><udom Sync="TRUE">Coordinates defining the features.</udom></attrdomv></attr><attr><attrlabl Sync="TRUE">CODIGO</attrlabl><attalias Sync="TRUE">CODIGO</attalias><attrtype Sync="TRUE">String</attrtype><attwidth Sync="TRUE">17</attwidth><atprecis Sync="TRUE">0</atprecis><attscale Sync="TRUE">0</attscale></attr><attr><attrlabl Sync="TRUE">SECTOR_COD</attrlabl><attalias Sync="TRUE">SECTOR_COD</attalias><attrtype Sync="TRUE">String</attrtype><attwidth Sync="TRUE">9</attwidth><atprecis Sync="TRUE">0</atprecis><attscale Sync="TRUE">0</attscale></attr><attr><attrlabl Sync="TRUE">NOMBRE</attrlabl><attalias Sync="TRUE">NOMBRE</attalias><attrtype Sync="TRUE">String</attrtype><attwidth Sync="TRUE">100</attwidth><atprecis Sync="TRUE">0</atprecis><attscale Sync="TRUE">0</attscale></attr><attr><attrlabl Sync="TRUE">CODIGO_ANT</attrlabl><attalias Sync="TRUE">CODIGO_ANT</attalias><attrtype Sync="TRUE">String</attrtype><attwidth Sync="TRUE">13</attwidth><atprecis Sync="TRUE">0</atprecis><attscale Sync="TRUE">0</attscale></attr><attr><attrlabl Sync="TRUE">USUARIO_LO</attrlabl><attalias Sync="TRUE">USUARIO_LO</attalias><attrtype Sync="TRUE">String</attrtype><attwidth Sync="TRUE">100</attwidth><atprecis Sync="TRUE">0</atprecis><attscale Sync="TRUE">0</attscale></attr><attr><attrlabl Sync="TRUE">FECHA_LOG</attrlabl><attalias Sync="TRUE">FECHA_LOG</attalias><attrtype Sync="TRUE">Date</attrtype><attwidth Sync="TRUE">8</attwidth><atprecis Sync="TRUE">0</atprecis><attscale Sync="TRUE">0</attscale></attr><attr><attrlabl Sync="TRUE">CODIGO_MUN</attrlabl><attalias Sync="TRUE">CODIGO_MUN</attalias><attrtype Sync="TRUE">String</attrtype><attwidth Sync="TRUE">5</attwidth><atprecis Sync="TRUE">0</atprecis><attscale Sync="TRUE">0</attscale></attr><attr><attrlabl Sync="TRUE">GLOBALID_S</attrlabl><attalias Sync="TRUE">GLOBALID_S</attalias><attrtype Sync="TRUE">String</attrtype><attwidth Sync="TRUE">38</attwidth><atprecis Sync="TRUE">0</atprecis><attscale Sync="TRUE">0</attscale></attr><attr><attrlabl Sync="TRUE">GLOBALID</attrlabl><attalias Sync="TRUE">GLOBALID</attalias><attrtype Sync="TRUE">String</attrtype><attwidth Sync="TRUE">38</attwidth><atprecis Sync="TRUE">0</atprecis><attscale Sync="TRUE">0</attscale></attr><attr><attrlabl Sync="TRUE">SHAPE_Leng</attrlabl><attalias Sync="TRUE">SHAPE_Leng</attalias><attrtype Sync="TRUE">Double</attrtype><attwidth Sync="TRUE">19</attwidth><atprecis Sync="TRUE">0</atprecis><attscale Sync="TRUE">0</attscale></attr><attr><attrlabl Sync="TRUE">SHAPE_Area</attrlabl><attalias Sync="TRUE">SHAPE_Area</attalias><attrtype Sync="TRUE">Double</attrtype><attwidth Sync="TRUE">19</attwidth><atprecis Sync="TRUE">0</atprecis><attscale Sync="TRUE">0</attscale><attrdef Sync="TRUE">Area of feature in internal units squared.</attrdef><attrdefs Sync="TRUE">Esri</attrdefs><attrdomv><udom Sync="TRUE">Positive real numbers that are automatically generated.</udom></attrdomv></attr></detailed></eainfo><mdDateSt Sync="TRUE">20230512</mdDateSt></metadata>
