<metadata xml:lang="es"><Esri><CreaDate>20211203</CreaDate><CreaTime>16435400</CreaTime><ArcGISFormat>1.0</ArcGISFormat><SyncOnce>FALSE</SyncOnce><DataProperties><lineage><Process ToolSource="c:\program files (x86)\arcgis\desktop10.3\ArcToolbox\Toolboxes\Data Management Tools.tbx\CalculateField" Date="20200528" Time="133007">CalculateField "F:\GESTION_2020\TERRITORIAL_BOYACA\GDB BOYACA\15176.gdb\RURAL\R_NOMENCLATURA_VIAL" texto texto_nv VB "Dim texto_nv\n\nIf (IsNull([texto])) Then\n texto_nv = "SN"\n ElseIf ([texto]=" ") Then\n texto_nv = "SN"\n ElseIf ([texto]="") Then\n texto_nv = "SN"\n Else\n texto_nv = [texto]\nEnd If"</Process><Process ToolSource="c:\program files (x86)\arcgis\desktop10.3\ArcToolbox\Toolboxes\Data Management Tools.tbx\ChangePrivileges" Date="20200723" Time="153642">ChangePrivileges 'Database Connections\chiquinquira.sde\gdb_15176_np.admin.RURAL\gdb_15176_np.admin.R_CONSTRUCCION';'Database Connections\chiquinquira.sde\gdb_15176_np.admin.RURAL\gdb_15176_np.admin.R_NOMENCLATURA_DOMICILIARIA';'Database Connections\chiquinquira.sde\gdb_15176_np.admin.RURAL\gdb_15176_np.admin.R_NOMENCLATURA_VIAL';'Database Connections\chiquinquira.sde\gdb_15176_np.admin.RURAL\gdb_15176_np.admin.R_SECTOR';'Database Connections\chiquinquira.sde\gdb_15176_np.admin.RURAL\gdb_15176_np.admin.R_TERRENO';'Database Connections\chiquinquira.sde\gdb_15176_np.admin.RURAL\gdb_15176_np.admin.R_UNIDAD';'Database Connections\chiquinquira.sde\gdb_15176_np.admin.RURAL\gdb_15176_np.admin.R_VEREDA';'Database Connections\chiquinquira.sde\gdb_15176_np.admin.URBANO\gdb_15176_np.admin.U_BARRIO';'Database Connections\chiquinquira.sde\gdb_15176_np.admin.URBANO\gdb_15176_np.admin.U_CONSTRUCCION';'Database Connections\chiquinquira.sde\gdb_15176_np.admin.URBANO\gdb_15176_np.admin.U_MANZANA';'Database Connections\chiquinquira.sde\gdb_15176_np.admin.URBANO\gdb_15176_np.admin.U_NOMENCLATURA_DOMICILIARIA';'Database Connections\chiquinquira.sde\gdb_15176_np.admin.URBANO\gdb_15176_np.admin.U_NOMENCLATURA_VIAL';'Database Connections\chiquinquira.sde\gdb_15176_np.admin.URBANO\gdb_15176_np.admin.U_PERIMETRO';'Database Connections\chiquinquira.sde\gdb_15176_np.admin.URBANO\gdb_15176_np.admin.U_SECTOR';'Database Connections\chiquinquira.sde\gdb_15176_np.admin.URBANO\gdb_15176_np.admin.U_TERRENO';'Database Connections\chiquinquira.sde\gdb_15176_np.admin.URBANO\gdb_15176_np.admin.U_UNIDAD' qaqc1 GRANT GRANT</Process><Process ToolSource="c:\program files (x86)\arcgis\desktop10.3\ArcToolbox\Toolboxes\Data Management Tools.tbx\ChangePrivileges" Date="20200723" Time="153952">ChangePrivileges 'Database Connections\chiquinquira.sde\gdb_15176_np.admin.RURAL\gdb_15176_np.admin.R_CONSTRUCCION';'Database Connections\chiquinquira.sde\gdb_15176_np.admin.RURAL\gdb_15176_np.admin.R_NOMENCLATURA_DOMICILIARIA';'Database Connections\chiquinquira.sde\gdb_15176_np.admin.RURAL\gdb_15176_np.admin.R_NOMENCLATURA_VIAL';'Database Connections\chiquinquira.sde\gdb_15176_np.admin.RURAL\gdb_15176_np.admin.R_SECTOR';'Database Connections\chiquinquira.sde\gdb_15176_np.admin.RURAL\gdb_15176_np.admin.R_TERRENO';'Database Connections\chiquinquira.sde\gdb_15176_np.admin.RURAL\gdb_15176_np.admin.R_UNIDAD';'Database Connections\chiquinquira.sde\gdb_15176_np.admin.RURAL\gdb_15176_np.admin.R_VEREDA';'Database Connections\chiquinquira.sde\gdb_15176_np.admin.URBANO\gdb_15176_np.admin.U_BARRIO';'Database Connections\chiquinquira.sde\gdb_15176_np.admin.URBANO\gdb_15176_np.admin.U_CONSTRUCCION';'Database Connections\chiquinquira.sde\gdb_15176_np.admin.URBANO\gdb_15176_np.admin.U_MANZANA';'Database Connections\chiquinquira.sde\gdb_15176_np.admin.URBANO\gdb_15176_np.admin.U_NOMENCLATURA_DOMICILIARIA';'Database Connections\chiquinquira.sde\gdb_15176_np.admin.URBANO\gdb_15176_np.admin.U_NOMENCLATURA_VIAL';'Database Connections\chiquinquira.sde\gdb_15176_np.admin.URBANO\gdb_15176_np.admin.U_PERIMETRO';'Database Connections\chiquinquira.sde\gdb_15176_np.admin.URBANO\gdb_15176_np.admin.U_SECTOR';'Database Connections\chiquinquira.sde\gdb_15176_np.admin.URBANO\gdb_15176_np.admin.U_TERRENO';'Database Connections\chiquinquira.sde\gdb_15176_np.admin.URBANO\gdb_15176_np.admin.U_UNIDAD' recon11 GRANT GRANT</Process><Process Name="codigo_municipio (15)" ToolSource="c:\program files (x86)\arcgis\desktop10.3\ArcToolbox\Toolboxes\Data Management Tools.tbx\AddField" Date="20211128" Time="222649">AddField F:\BASES_2021\BASES_MIGRACION_BOYACA\15176.gdb\RURAL\R_NOMENCLATURA_VIAL codigo_municipio TEXT # # 5 codigo_municipio NULLABLE NON_REQUIRED #</Process><Process Name="GLOBALID_SNC (15)" ToolSource="c:\program files (x86)\arcgis\desktop10.3\ArcToolbox\Toolboxes\Data Management Tools.tbx\AddField" Date="20211128" Time="222650">AddField F:\BASES_2021\BASES_MIGRACION_BOYACA\15176.gdb\RURAL\R_NOMENCLATURA_VIAL GLOBALID_SNC TEXT # # 38 GLOBALID_SNC NULLABLE NON_REQUIRED #</Process><Process Name="USUARIOLOG (22)" ToolSource="c:\program files (x86)\arcgis\desktop10.3\ArcToolbox\Toolboxes\Data Management Tools.tbx\AddField" Date="20211128" Time="222726">AddField F:\BASES_2021\BASES_MIGRACION_BOYACA\15176.gdb\RURAL\R_NOMENCLATURA_VIAL Usuario_log TEXT # # 100 Usuario_log NULLABLE NON_REQUIRED #</Process><Process Name="fecha_log1 (33)" ToolSource="c:\program files (x86)\arcgis\desktop10.3\ArcToolbox\Toolboxes\Data Management Tools.tbx\AddField" Date="20211128" Time="222733">AddField F:\BASES_2021\BASES_MIGRACION_BOYACA\15176.gdb\RURAL\R_NOMENCLATURA_VIAL Fecha_log DATE # # 38 Fecha_log NULLABLE NON_REQUIRED #</Process><Process Name="Calculate Field (94)" ToolSource="c:\program files (x86)\arcgis\desktop10.3\ArcToolbox\Toolboxes\Data Management Tools.tbx\CalculateField" Date="20211129" Time="072216">CalculateField F:\BASES_2021\BASES_MIGRACION_BOYACA\15176.gdb\RURAL\R_NOMENCLATURA_VIAL GLOBALID_SNC ID() PYTHON_9.3 "def ID():\n  import uuid\n  return '{' + str(uuid.uuid4()) + '}'"</Process><Process Name="Calculate Field (95)" ToolSource="c:\program files (x86)\arcgis\desktop10.3\ArcToolbox\Toolboxes\Data Management Tools.tbx\CalculateField" Date="20211129" Time="072216">CalculateField F:\BASES_2021\BASES_MIGRACION_BOYACA\15176.gdb\RURAL\R_NOMENCLATURA_VIAL codigo_municipio 15176 VB #</Process><Process Name="Calculate Field (96)" ToolSource="c:\program files (x86)\arcgis\desktop10.3\ArcToolbox\Toolboxes\Data Management Tools.tbx\CalculateField" Date="20211129" Time="072216">CalculateField F:\BASES_2021\BASES_MIGRACION_BOYACA\15176.gdb\RURAL\R_NOMENCLATURA_VIAL usuario_log "MIGRACION_2021" VB #</Process><Process Name="Calculate Field (25)" ToolSource="c:\program files (x86)\arcgis\desktop10.3\ArcToolbox\Toolboxes\Data Management Tools.tbx\CalculateField" Date="20211129" Time="072238">CalculateField F:\BASES_2021\BASES_MIGRACION_BOYACA\15176.gdb\RURAL\R_NOMENCLATURA_VIAL Fecha_log time.strftime('%d/%m/%Y') PYTHON_9.3 #</Process><Process Name="Calculate Field (14)" ToolSource="c:\program files (x86)\arcgis\desktop10.3\ArcToolbox\Toolboxes\Data Management Tools.tbx\CalculateField" Date="20211129" Time="125658">CalculateField F:\BASES_2021\BASES_MIGRACION_BOYACA\15176.gdb\RURAL\R_NOMENCLATURA_VIAL texto evaluar(!texto!) PYTHON "def evaluar(text_ru):\n    if text_ru:\n        return text_ru\n    else: \n        return ' '"</Process><Process Name="codigo_municipio (15)" ToolSource="c:\program files (x86)\arcgis\desktop10.3\ArcToolbox\Toolboxes\Data Management Tools.tbx\AddField" Date="20211130" Time="124401">AddField F:\BASES_2021\BASES_MIGRACION_BOYACA\15176.gdb\RURAL\R_NOMENCLATURA_VIAL codigo_municipio TEXT # # 5 codigo_municipio NULLABLE NON_REQUIRED #</Process><Process Name="GLOBALID_SNC (15)" ToolSource="c:\program files (x86)\arcgis\desktop10.3\ArcToolbox\Toolboxes\Data Management Tools.tbx\AddField" Date="20211130" Time="124401">AddField F:\BASES_2021\BASES_MIGRACION_BOYACA\15176.gdb\RURAL\R_NOMENCLATURA_VIAL GLOBALID_SNC TEXT # # 38 GLOBALID_SNC NULLABLE NON_REQUIRED #</Process><Process Name="USUARIOLOG (22)" ToolSource="c:\program files (x86)\arcgis\desktop10.3\ArcToolbox\Toolboxes\Data Management Tools.tbx\AddField" Date="20211130" Time="124431">AddField F:\BASES_2021\BASES_MIGRACION_BOYACA\15176.gdb\RURAL\R_NOMENCLATURA_VIAL Usuario_log TEXT # # 100 Usuario_log NULLABLE NON_REQUIRED #</Process><Process Name="fecha_log1 (33)" ToolSource="c:\program files (x86)\arcgis\desktop10.3\ArcToolbox\Toolboxes\Data Management Tools.tbx\AddField" Date="20211130" Time="124436">AddField F:\BASES_2021\BASES_MIGRACION_BOYACA\15176.gdb\RURAL\R_NOMENCLATURA_VIAL Fecha_log DATE # # 38 Fecha_log NULLABLE NON_REQUIRED #</Process><Process Name="GLOBALID_N1 (33)" ToolSource="c:\program files (x86)\arcgis\desktop10.3\ArcToolbox\Toolboxes\Data Management Tools.tbx\AddField" Date="20211130" Time="124446">AddField F:\BASES_2021\BASES_MIGRACION_BOYACA\15176.gdb\RURAL\R_NOMENCLATURA_VIAL GLOBALID TEXT # # 38 globalid NULLABLE NON_REQUIRED #</Process><Process Name="Calculate Field (94)" ToolSource="c:\program files (x86)\arcgis\desktop10.3\ArcToolbox\Toolboxes\Data Management Tools.tbx\CalculateField" Date="20211130" Time="162608">CalculateField F:\BASES_2021\BASES_MIGRACION_BOYACA\15176.gdb\RURAL\R_NOMENCLATURA_VIAL GLOBALID_SNC ID() PYTHON_9.3 "def ID():\n  import uuid\n  return '{' + str(uuid.uuid4()) + '}'"</Process><Process Name="Calculate Field (95)" ToolSource="c:\program files (x86)\arcgis\desktop10.3\ArcToolbox\Toolboxes\Data Management Tools.tbx\CalculateField" Date="20211130" Time="162608">CalculateField F:\BASES_2021\BASES_MIGRACION_BOYACA\15176.gdb\RURAL\R_NOMENCLATURA_VIAL codigo_municipio 15176 VB #</Process><Process Name="Calculate Field (96)" ToolSource="c:\program files (x86)\arcgis\desktop10.3\ArcToolbox\Toolboxes\Data Management Tools.tbx\CalculateField" Date="20211130" Time="162608">CalculateField F:\BASES_2021\BASES_MIGRACION_BOYACA\15176.gdb\RURAL\R_NOMENCLATURA_VIAL usuario_log "MIGRACION_2021" VB #</Process><Process Name="Calculate Field (25)" ToolSource="c:\program files (x86)\arcgis\desktop10.3\ArcToolbox\Toolboxes\Data Management Tools.tbx\CalculateField" Date="20211130" Time="162649">CalculateField F:\BASES_2021\BASES_MIGRACION_BOYACA\15176.gdb\RURAL\R_NOMENCLATURA_VIAL Fecha_log time.strftime('%d/%m/%Y') PYTHON_9.3 #</Process><Process Name="Calculate Field (159)" ToolSource="c:\program files (x86)\arcgis\desktop10.3\ArcToolbox\Toolboxes\Data Management Tools.tbx\CalculateField" Date="20211130" Time="162739">CalculateField F:\BASES_2021\BASES_MIGRACION_BOYACA\15176.gdb\RURAL\R_NOMENCLATURA_VIAL globalid ID() PYTHON_9.3 "def ID():\n  import uuid\n  return '{' + str(uuid.uuid4()) + '}'"</Process><Process ToolSource="c:\program files\arcgis\pro\Resources\ArcToolbox\toolboxes\Conversion Tools.tbx\ExportFeatures" Date="20230512" Time="125656">ExportFeatures Rural\R_NOMENCLATURA_VIAL "D:\02-Entrega 18 abril\INFORMACION GEOGRAFICA\DatosAbiertos\R_NomenclaturaVial.shp" # NOT_USE_ALIAS "TEXTO "Texto" true true false 1073741822 Text 0 0,First,#,Rural\R_NOMENCLATURA_VIAL,TEXTO,0,1073741822;USUARIO_LOG "Usuario_Log" true true false 100 Text 0 0,First,#,Rural\R_NOMENCLATURA_VIAL,USUARIO_LOG,0,100;FECHA_LOG "Fecha_Log" true true false 8 Date 0 0,First,#,Rural\R_NOMENCLATURA_VIAL,FECHA_LOG,-1,-1;CODIGO_MUNICIPIO "codigo_municipio" true true false 5 Text 0 0,First,#,Rural\R_NOMENCLATURA_VIAL,CODIGO_MUNICIPIO,0,5;GLOBALID_SNC "GLOBALID_SNC" true true false 38 Text 0 0,First,#,Rural\R_NOMENCLATURA_VIAL,GLOBALID_SNC,0,38;GLOBALID "globalid" true true false 38 Text 0 0,First,#,Rural\R_NOMENCLATURA_VIAL,GLOBALID,0,38;SHAPE_Length "SHAPE_Length" false true true 8 Double 0 0,First,#,Rural\R_NOMENCLATURA_VIAL,SHAPE_Length,-1,-1" #</Process><Process ToolSource="c:\program files\arcgis\pro\Resources\ArcToolbox\Toolboxes\Data Management Tools.tbx\DeleteField" Date="20230512" Time="140120">DeleteField Rural\R_NomenclaturaVial USUARIO_LO;FECHA_LOG;GLOBALID_S;GLOBALID "Delete Fields"</Process></lineage><itemProps><itemLocation><linkage Sync="TRUE">file://\\LAPTOP-P970B5NA\D$\02-Entrega 18 abril\INFORMACION GEOGRAFICA\DatosAbiertos\R_NomenclaturaVial.shp</linkage><protocol Sync="TRUE">Local Area Network</protocol></itemLocation><itemName Sync="TRUE">R_NomenclaturaVial</itemName><imsContentType Sync="TRUE">002</imsContentType><itemSize Sync="TRUE">0.000</itemSize></itemProps><coordRef><type Sync="TRUE">Projected</type><geogcsn Sync="TRUE">GCS_SISTEMA_DE_REFERENCIA_GEOCENTRICO_PARA_AMERICA_DEL_SUR_2000</geogcsn><csUnits Sync="TRUE">Linear Unit: Meter (1.000000)</csUnits><projcsn Sync="TRUE">MAGNA_SIRGAS_Origen_Nacional</projcsn><peXml Sync="TRUE">&lt;ProjectedCoordinateSystem xsi:type='typens:ProjectedCoordinateSystem' xmlns:xsi='http://www.w3.org/2001/XMLSchema-instance' xmlns:xs='http://www.w3.org/2001/XMLSchema' xmlns:typens='http://www.esri.com/schemas/ArcGIS/3.1.0'&gt;&lt;WKT&gt;PROJCS[&amp;quot;MAGNA_SIRGAS_Origen_Nacional&amp;quot;,GEOGCS[&amp;quot;GCS_SISTEMA_DE_REFERENCIA_GEOCENTRICO_PARA_AMERICA_DEL_SUR_2000&amp;quot;,DATUM[&amp;quot;D_SISTEMA_DE_REFERENCIA_GEOCENTRICO_PARA_AMERICA_DEL_SUR_2000&amp;quot;,SPHEROID[&amp;quot;GRS_1980&amp;quot;,6378137.0,298.257222101]],PRIMEM[&amp;quot;Greenwich&amp;quot;,0.0],UNIT[&amp;quot;Degree&amp;quot;,0.0174532925199433]],PROJECTION[&amp;quot;Transverse_Mercator&amp;quot;],PARAMETER[&amp;quot;false_easting&amp;quot;,5000000.0],PARAMETER[&amp;quot;false_northing&amp;quot;,2000000.0],PARAMETER[&amp;quot;central_meridian&amp;quot;,-73.0],PARAMETER[&amp;quot;scale_factor&amp;quot;,0.9992],PARAMETER[&amp;quot;latitude_of_origin&amp;quot;,4.0],UNIT[&amp;quot;Meter&amp;quot;,1.0]]&lt;/WKT&gt;&lt;XOrigin&gt;-618700&lt;/XOrigin&gt;&lt;YOrigin&gt;-8436100&lt;/YOrigin&gt;&lt;XYScale&gt;450623577.52990448&lt;/XYScale&gt;&lt;ZOrigin&gt;-100000&lt;/ZOrigin&gt;&lt;ZScale&gt;10000&lt;/ZScale&gt;&lt;MOrigin&gt;-100000&lt;/MOrigin&gt;&lt;MScale&gt;10000&lt;/MScale&gt;&lt;XYTolerance&gt;0.001&lt;/XYTolerance&gt;&lt;ZTolerance&gt;0.001&lt;/ZTolerance&gt;&lt;MTolerance&gt;0.001&lt;/MTolerance&gt;&lt;HighPrecision&gt;true&lt;/HighPrecision&gt;&lt;/ProjectedCoordinateSystem&gt;</peXml></coordRef></DataProperties><SyncDate>20230512</SyncDate><SyncTime>12565600</SyncTime><ModDate>20230512</ModDate><ModTime>12565600</ModTime></Esri><dataIdInfo><envirDesc Sync="TRUE">Microsoft Windows 10 Version 10.0 (Build 22621) ; Esri ArcGIS 13.1.0.41833</envirDesc><dataLang><languageCode value="spa" Sync="TRUE"></languageCode><countryCode value="USA" Sync="TRUE"></countryCode></dataLang><idCitation><resTitle Sync="TRUE">R_NomenclaturaVial</resTitle><presForm><PresFormCd value="005" Sync="TRUE"></PresFormCd></presForm></idCitation><spatRpType><SpatRepTypCd value="001" Sync="TRUE"></SpatRepTypCd></spatRpType></dataIdInfo><mdLang><languageCode value="spa" Sync="TRUE"></languageCode><countryCode value="USA" Sync="TRUE"></countryCode></mdLang><distInfo><distFormat><formatName Sync="TRUE">Shapefile</formatName></distFormat><distTranOps><transSize Sync="TRUE">0.000</transSize></distTranOps></distInfo><mdHrLv><ScopeCd value="005" Sync="TRUE"></ScopeCd></mdHrLv><mdHrLvName Sync="TRUE">dataset</mdHrLvName><refSysInfo><RefSystem><refSysID><identCode code="0" Sync="TRUE"></identCode></refSysID></RefSystem></refSysInfo><spatRepInfo><VectSpatRep><geometObjs Name="R_NomenclaturaVial"><geoObjTyp><GeoObjTypCd value="002" Sync="TRUE"></GeoObjTypCd></geoObjTyp><geoObjCnt Sync="TRUE">0</geoObjCnt></geometObjs><topLvl><TopoLevCd value="001" Sync="TRUE"></TopoLevCd></topLvl></VectSpatRep></spatRepInfo><spdoinfo><ptvctinf><esriterm Name="R_NomenclaturaVial"><efeatyp Sync="TRUE">Simple</efeatyp><efeageom code="3" Sync="TRUE"></efeageom><esritopo Sync="TRUE">FALSE</esritopo><efeacnt Sync="TRUE">0</efeacnt><spindex Sync="TRUE">FALSE</spindex><linrefer Sync="TRUE">FALSE</linrefer></esriterm></ptvctinf></spdoinfo><eainfo><detailed Name="R_NomenclaturaVial"><enttyp><enttypl Sync="TRUE">R_NomenclaturaVial</enttypl><enttypt Sync="TRUE">Feature Class</enttypt><enttypc Sync="TRUE">0</enttypc></enttyp><attr><attrlabl Sync="TRUE">FID</attrlabl><attalias Sync="TRUE">FID</attalias><attrtype Sync="TRUE">OID</attrtype><attwidth Sync="TRUE">4</attwidth><atprecis Sync="TRUE">0</atprecis><attscale Sync="TRUE">0</attscale><attrdef Sync="TRUE">Internal feature number.</attrdef><attrdefs Sync="TRUE">Esri</attrdefs><attrdomv><udom Sync="TRUE">Sequential unique whole numbers that are automatically generated.</udom></attrdomv></attr><attr><attrlabl Sync="TRUE">Shape</attrlabl><attalias Sync="TRUE">Shape</attalias><attrtype Sync="TRUE">Geometry</attrtype><attwidth Sync="TRUE">0</attwidth><atprecis Sync="TRUE">0</atprecis><attscale Sync="TRUE">0</attscale><attrdef Sync="TRUE">Feature geometry.</attrdef><attrdefs Sync="TRUE">Esri</attrdefs><attrdomv><udom Sync="TRUE">Coordinates defining the features.</udom></attrdomv></attr><attr><attrlabl Sync="TRUE">TEXTO</attrlabl><attalias Sync="TRUE">TEXTO</attalias><attrtype Sync="TRUE">String</attrtype><attwidth Sync="TRUE">254</attwidth><atprecis Sync="TRUE">0</atprecis><attscale Sync="TRUE">0</attscale></attr><attr><attrlabl Sync="TRUE">USUARIO_LO</attrlabl><attalias Sync="TRUE">USUARIO_LO</attalias><attrtype Sync="TRUE">String</attrtype><attwidth Sync="TRUE">100</attwidth><atprecis Sync="TRUE">0</atprecis><attscale Sync="TRUE">0</attscale></attr><attr><attrlabl Sync="TRUE">FECHA_LOG</attrlabl><attalias Sync="TRUE">FECHA_LOG</attalias><attrtype Sync="TRUE">Date</attrtype><attwidth Sync="TRUE">8</attwidth><atprecis Sync="TRUE">0</atprecis><attscale Sync="TRUE">0</attscale></attr><attr><attrlabl Sync="TRUE">CODIGO_MUN</attrlabl><attalias Sync="TRUE">CODIGO_MUN</attalias><attrtype Sync="TRUE">String</attrtype><attwidth Sync="TRUE">5</attwidth><atprecis Sync="TRUE">0</atprecis><attscale Sync="TRUE">0</attscale></attr><attr><attrlabl Sync="TRUE">GLOBALID_S</attrlabl><attalias Sync="TRUE">GLOBALID_S</attalias><attrtype Sync="TRUE">String</attrtype><attwidth Sync="TRUE">38</attwidth><atprecis Sync="TRUE">0</atprecis><attscale Sync="TRUE">0</attscale></attr><attr><attrlabl Sync="TRUE">GLOBALID</attrlabl><attalias Sync="TRUE">GLOBALID</attalias><attrtype Sync="TRUE">String</attrtype><attwidth Sync="TRUE">38</attwidth><atprecis Sync="TRUE">0</atprecis><attscale Sync="TRUE">0</attscale></attr><attr><attrlabl Sync="TRUE">SHAPE_Leng</attrlabl><attalias Sync="TRUE">SHAPE_Leng</attalias><attrtype Sync="TRUE">Double</attrtype><attwidth Sync="TRUE">19</attwidth><atprecis Sync="TRUE">0</atprecis><attscale Sync="TRUE">0</attscale></attr></detailed></eainfo><mdDateSt Sync="TRUE">20230512</mdDateSt></metadata>
