<metadata xml:lang="es"><Esri><CreaDate>20211203</CreaDate><CreaTime>16435000</CreaTime><ArcGISFormat>1.0</ArcGISFormat><SyncOnce>FALSE</SyncOnce><DataProperties><lineage><Process ToolSource="c:\program files (x86)\arcgis\desktop10.3\ArcToolbox\Toolboxes\Data Management Tools.tbx\AddField" Date="20200528" Time="132653">AddField "F:\GESTION_2020\TERRITORIAL_BOYACA\GDB BOYACA\15176.gdb\RURAL\R_TERRENO" cod_cero TEXT # # 30 # NULLABLE NON_REQUIRED #</Process><Process ToolSource="c:\program files (x86)\arcgis\desktop10.3\ArcToolbox\Toolboxes\Data Management Tools.tbx\CalculateField" Date="20200528" Time="132657">CalculateField "F:\GESTION_2020\TERRITORIAL_BOYACA\GDB BOYACA\15176.gdb\RURAL\R_TERRENO" cod_cero "151760000000000000000000000000" PYTHON #</Process><Process ToolSource="c:\program files (x86)\arcgis\desktop10.3\ArcToolbox\Toolboxes\Data Management Tools.tbx\CalculateField" Date="20200528" Time="132701">CalculateField "F:\GESTION_2020\TERRITORIAL_BOYACA\GDB BOYACA\15176.gdb\RURAL\R_TERRENO" codigo cod VB "Dim cod\n\nIf (IsNull([codigo])) Then\n cod = [cod_cero]\nElse\n cod = [codigo]\nEnd If"</Process><Process ToolSource="c:\program files (x86)\arcgis\desktop10.3\ArcToolbox\Toolboxes\Data Management Tools.tbx\CalculateField" Date="20200528" Time="132704">CalculateField "F:\GESTION_2020\TERRITORIAL_BOYACA\GDB BOYACA\15176.gdb\RURAL\R_TERRENO" vereda_codigo cod VB "Dim cod\n\nIf (IsNull([vereda_codigo])) Then\n cod = Mid([cod_cero],1,17)\nElse\n cod = [vereda_codigo]\nEnd If"</Process><Process ToolSource="c:\program files (x86)\arcgis\desktop10.3\ArcToolbox\Toolboxes\Data Management Tools.tbx\CalculateField" Date="20200528" Time="132708">CalculateField "F:\GESTION_2020\TERRITORIAL_BOYACA\GDB BOYACA\15176.gdb\RURAL\R_TERRENO" codigo_anterior cod VB "Dim cod\n\nIf (IsNull([codigo_anterior])) Then\n cod = Mid([cod_cero],1,20)\nElse\n cod = [codigo_anterior]\nEnd If"</Process><Process ToolSource="c:\program files (x86)\arcgis\desktop10.3\ArcToolbox\Toolboxes\Data Management Tools.tbx\CalculateField" Date="20200528" Time="132718">CalculateField "F:\GESTION_2020\TERRITORIAL_BOYACA\GDB BOYACA\15176.gdb\RURAL\R_TERRENO" codigo cod VB "Dim cod\ndim objRegExp : set objRegExp = new RegExp\nwith objRegExp\n        .Pattern = "[a-zñáéíóú_-]+|[A-ZÑÁÉÍÓÚ]+|[\s\*\.\,]+" \n        .IgnoreCase = True\n        .Global = True\n    end with\n\nrespuesta=objRegExp.test( [codigo] )\n\nIf respuesta = True Then\n  cod= [cod_cero] \nElseIf (len([codigo]) &lt;&gt; 30) Then\n cod = [cod_cero] \nElse\n   cod= [codigo] \nEnd If"</Process><Process ToolSource="c:\program files (x86)\arcgis\desktop10.3\ArcToolbox\Toolboxes\Data Management Tools.tbx\CalculateField" Date="20200528" Time="132727">CalculateField "F:\GESTION_2020\TERRITORIAL_BOYACA\GDB BOYACA\15176.gdb\RURAL\R_TERRENO" vereda_codigo cod VB "Dim cod\ndim objRegExp : set objRegExp = new RegExp\nwith objRegExp\n        .Pattern = "[a-zñáéíóú_-]+|[A-ZÑÁÉÍÓÚ]+|[\s\*\.\,]+" \n        .IgnoreCase = True\n        .Global = True\n    end with\n\nrespuesta=objRegExp.test([vereda_codigo])\n\nIf respuesta = True Then\n  cod= Mid([cod_cero],1,17) \nElseIf (len([vereda_codigo]) &lt;&gt; 17) Then\n cod = Mid([cod_cero],1,17) \nElse\n   cod= [vereda_codigo] \nEnd If"</Process><Process ToolSource="c:\program files (x86)\arcgis\desktop10.3\ArcToolbox\Toolboxes\Data Management Tools.tbx\DeleteField" Date="20200528" Time="132729">DeleteField "F:\GESTION_2020\TERRITORIAL_BOYACA\GDB BOYACA\15176.gdb\RURAL\R_TERRENO" cod_cero</Process><Process ToolSource="c:\program files (x86)\arcgis\desktop10.5\ArcToolbox\Toolboxes\Data Management Tools.tbx\AddField" Date="20200529" Time="175829">AddField "E:\BASES_DATOS\BOYACA\GDB BOYACA\15176.gdb/RURAL\R_TERRENO" area_m2 DOUBLE # # # # NULLABLE NON_REQUIRED #</Process><Process ToolSource="c:\program files (x86)\arcgis\desktop10.5\ArcToolbox\Toolboxes\Data Management Tools.tbx\CalculateField" Date="20200529" Time="175836">CalculateField "E:\BASES_DATOS\BOYACA\GDB BOYACA\15176.gdb/RURAL\R_TERRENO" area_m2 !shape.area@SQUAREMETERS! PYTHON #</Process><Process ToolSource="c:\program files (x86)\arcgis\desktop10.3\ArcToolbox\Toolboxes\Data Management Tools.tbx\ChangePrivileges" Date="20200723" Time="153643">ChangePrivileges 'Database Connections\chiquinquira.sde\gdb_15176_np.admin.RURAL\gdb_15176_np.admin.R_CONSTRUCCION';'Database Connections\chiquinquira.sde\gdb_15176_np.admin.RURAL\gdb_15176_np.admin.R_NOMENCLATURA_DOMICILIARIA';'Database Connections\chiquinquira.sde\gdb_15176_np.admin.RURAL\gdb_15176_np.admin.R_NOMENCLATURA_VIAL';'Database Connections\chiquinquira.sde\gdb_15176_np.admin.RURAL\gdb_15176_np.admin.R_SECTOR';'Database Connections\chiquinquira.sde\gdb_15176_np.admin.RURAL\gdb_15176_np.admin.R_TERRENO';'Database Connections\chiquinquira.sde\gdb_15176_np.admin.RURAL\gdb_15176_np.admin.R_UNIDAD';'Database Connections\chiquinquira.sde\gdb_15176_np.admin.RURAL\gdb_15176_np.admin.R_VEREDA';'Database Connections\chiquinquira.sde\gdb_15176_np.admin.URBANO\gdb_15176_np.admin.U_BARRIO';'Database Connections\chiquinquira.sde\gdb_15176_np.admin.URBANO\gdb_15176_np.admin.U_CONSTRUCCION';'Database Connections\chiquinquira.sde\gdb_15176_np.admin.URBANO\gdb_15176_np.admin.U_MANZANA';'Database Connections\chiquinquira.sde\gdb_15176_np.admin.URBANO\gdb_15176_np.admin.U_NOMENCLATURA_DOMICILIARIA';'Database Connections\chiquinquira.sde\gdb_15176_np.admin.URBANO\gdb_15176_np.admin.U_NOMENCLATURA_VIAL';'Database Connections\chiquinquira.sde\gdb_15176_np.admin.URBANO\gdb_15176_np.admin.U_PERIMETRO';'Database Connections\chiquinquira.sde\gdb_15176_np.admin.URBANO\gdb_15176_np.admin.U_SECTOR';'Database Connections\chiquinquira.sde\gdb_15176_np.admin.URBANO\gdb_15176_np.admin.U_TERRENO';'Database Connections\chiquinquira.sde\gdb_15176_np.admin.URBANO\gdb_15176_np.admin.U_UNIDAD' qaqc1 GRANT GRANT</Process><Process ToolSource="c:\program files (x86)\arcgis\desktop10.3\ArcToolbox\Toolboxes\Data Management Tools.tbx\ChangePrivileges" Date="20200723" Time="153954">ChangePrivileges 'Database Connections\chiquinquira.sde\gdb_15176_np.admin.RURAL\gdb_15176_np.admin.R_CONSTRUCCION';'Database Connections\chiquinquira.sde\gdb_15176_np.admin.RURAL\gdb_15176_np.admin.R_NOMENCLATURA_DOMICILIARIA';'Database Connections\chiquinquira.sde\gdb_15176_np.admin.RURAL\gdb_15176_np.admin.R_NOMENCLATURA_VIAL';'Database Connections\chiquinquira.sde\gdb_15176_np.admin.RURAL\gdb_15176_np.admin.R_SECTOR';'Database Connections\chiquinquira.sde\gdb_15176_np.admin.RURAL\gdb_15176_np.admin.R_TERRENO';'Database Connections\chiquinquira.sde\gdb_15176_np.admin.RURAL\gdb_15176_np.admin.R_UNIDAD';'Database Connections\chiquinquira.sde\gdb_15176_np.admin.RURAL\gdb_15176_np.admin.R_VEREDA';'Database Connections\chiquinquira.sde\gdb_15176_np.admin.URBANO\gdb_15176_np.admin.U_BARRIO';'Database Connections\chiquinquira.sde\gdb_15176_np.admin.URBANO\gdb_15176_np.admin.U_CONSTRUCCION';'Database Connections\chiquinquira.sde\gdb_15176_np.admin.URBANO\gdb_15176_np.admin.U_MANZANA';'Database Connections\chiquinquira.sde\gdb_15176_np.admin.URBANO\gdb_15176_np.admin.U_NOMENCLATURA_DOMICILIARIA';'Database Connections\chiquinquira.sde\gdb_15176_np.admin.URBANO\gdb_15176_np.admin.U_NOMENCLATURA_VIAL';'Database Connections\chiquinquira.sde\gdb_15176_np.admin.URBANO\gdb_15176_np.admin.U_PERIMETRO';'Database Connections\chiquinquira.sde\gdb_15176_np.admin.URBANO\gdb_15176_np.admin.U_SECTOR';'Database Connections\chiquinquira.sde\gdb_15176_np.admin.URBANO\gdb_15176_np.admin.U_TERRENO';'Database Connections\chiquinquira.sde\gdb_15176_np.admin.URBANO\gdb_15176_np.admin.U_UNIDAD' recon11 GRANT GRANT</Process><Process Name="codigo_municipio (12)" ToolSource="c:\program files (x86)\arcgis\desktop10.3\ArcToolbox\Toolboxes\Data Management Tools.tbx\AddField" Date="20211128" Time="222646">AddField F:\BASES_2021\BASES_MIGRACION_BOYACA\15176.gdb\RURAL\R_TERRENO codigo_municipio TEXT # # 5 codigo_municipio NULLABLE NON_REQUIRED #</Process><Process Name="GLOBALID_SNC (12)" ToolSource="c:\program files (x86)\arcgis\desktop10.3\ArcToolbox\Toolboxes\Data Management Tools.tbx\AddField" Date="20211128" Time="222646">AddField F:\BASES_2021\BASES_MIGRACION_BOYACA\15176.gdb\RURAL\R_TERRENO GLOBALID_SNC TEXT # # 38 GLOBALID_SNC NULLABLE NON_REQUIRED #</Process><Process Name="USUARIOLOG (21)" ToolSource="c:\program files (x86)\arcgis\desktop10.3\ArcToolbox\Toolboxes\Data Management Tools.tbx\AddField" Date="20211128" Time="222726">AddField F:\BASES_2021\BASES_MIGRACION_BOYACA\15176.gdb\RURAL\R_TERRENO Usuario_log TEXT # # 100 Usuario_log NULLABLE NON_REQUIRED #</Process><Process Name="fecha_log1 (32)" ToolSource="c:\program files (x86)\arcgis\desktop10.3\ArcToolbox\Toolboxes\Data Management Tools.tbx\AddField" Date="20211128" Time="222733">AddField F:\BASES_2021\BASES_MIGRACION_BOYACA\15176.gdb\RURAL\R_TERRENO Fecha_log DATE # # 38 Fecha_log NULLABLE NON_REQUIRED #</Process><Process Name="Calculate Field (88)" ToolSource="c:\program files (x86)\arcgis\desktop10.3\ArcToolbox\Toolboxes\Data Management Tools.tbx\CalculateField" Date="20211129" Time="072206">CalculateField F:\BASES_2021\BASES_MIGRACION_BOYACA\15176.gdb\RURAL\R_TERRENO GLOBALID_SNC ID() PYTHON_9.3 "def ID():\n  import uuid\n  return '{' + str(uuid.uuid4()) + '}'"</Process><Process Name="Calculate Field (89)" ToolSource="c:\program files (x86)\arcgis\desktop10.3\ArcToolbox\Toolboxes\Data Management Tools.tbx\CalculateField" Date="20211129" Time="072209">CalculateField F:\BASES_2021\BASES_MIGRACION_BOYACA\15176.gdb\RURAL\R_TERRENO codigo_municipio 15176 VB #</Process><Process Name="Calculate Field (90)" ToolSource="c:\program files (x86)\arcgis\desktop10.3\ArcToolbox\Toolboxes\Data Management Tools.tbx\CalculateField" Date="20211129" Time="072212">CalculateField F:\BASES_2021\BASES_MIGRACION_BOYACA\15176.gdb\RURAL\R_TERRENO usuario_log "MIGRACION_2021" VB #</Process><Process Name="Calculate Field (26)" ToolSource="c:\program files (x86)\arcgis\desktop10.3\ArcToolbox\Toolboxes\Data Management Tools.tbx\CalculateField" Date="20211129" Time="072243">CalculateField F:\BASES_2021\BASES_MIGRACION_BOYACA\15176.gdb\RURAL\R_TERRENO fecha_log time.strftime('%d/%m/%Y') PYTHON_9.3 #</Process><Process Name="Calculate Field (11)" ToolSource="c:\program files (x86)\arcgis\desktop10.3\ArcToolbox\Toolboxes\Data Management Tools.tbx\CalculateField" Date="20211129" Time="125651">CalculateField F:\BASES_2021\BASES_MIGRACION_BOYACA\15176.gdb\RURAL\R_TERRENO codigo evaluar(!codigo!) PYTHON "def evaluar(codt):\n    if codt:\n        return codt\n    else: \n        return ' '"</Process><Process Name="Calculate Field (12)" ToolSource="c:\program files (x86)\arcgis\desktop10.3\ArcToolbox\Toolboxes\Data Management Tools.tbx\CalculateField" Date="20211129" Time="125652">CalculateField F:\BASES_2021\BASES_MIGRACION_BOYACA\15176.gdb\RURAL\R_TERRENO vereda_codigo evaluar(!vereda_codigo!) PYTHON "def evaluar(vr_cod):\n    if vr_cod:\n        return vr_cod\n    else: \n        return ' '"</Process><Process Name="Calculate Field (13)" ToolSource="c:\program files (x86)\arcgis\desktop10.3\ArcToolbox\Toolboxes\Data Management Tools.tbx\CalculateField" Date="20211129" Time="125654">CalculateField F:\BASES_2021\BASES_MIGRACION_BOYACA\15176.gdb\RURAL\R_TERRENO codigo_anterior evaluar(!codigo_anterior!) PYTHON "def evaluar(cod_ant):\n    if cod_ant:\n        return cod_ant\n    else: \n        return ' '"</Process><Process Name="codigo_municipio (12)" ToolSource="c:\program files (x86)\arcgis\desktop10.3\ArcToolbox\Toolboxes\Data Management Tools.tbx\AddField" Date="20211130" Time="124358">AddField F:\BASES_2021\BASES_MIGRACION_BOYACA\15176.gdb\RURAL\R_TERRENO codigo_municipio TEXT # # 5 codigo_municipio NULLABLE NON_REQUIRED #</Process><Process Name="GLOBALID_SNC (12)" ToolSource="c:\program files (x86)\arcgis\desktop10.3\ArcToolbox\Toolboxes\Data Management Tools.tbx\AddField" Date="20211130" Time="124358">AddField F:\BASES_2021\BASES_MIGRACION_BOYACA\15176.gdb\RURAL\R_TERRENO GLOBALID_SNC TEXT # # 38 GLOBALID_SNC NULLABLE NON_REQUIRED #</Process><Process Name="USUARIOLOG (21)" ToolSource="c:\program files (x86)\arcgis\desktop10.3\ArcToolbox\Toolboxes\Data Management Tools.tbx\AddField" Date="20211130" Time="124431">AddField F:\BASES_2021\BASES_MIGRACION_BOYACA\15176.gdb\RURAL\R_TERRENO Usuario_log TEXT # # 100 Usuario_log NULLABLE NON_REQUIRED #</Process><Process Name="fecha_log1 (32)" ToolSource="c:\program files (x86)\arcgis\desktop10.3\ArcToolbox\Toolboxes\Data Management Tools.tbx\AddField" Date="20211130" Time="124436">AddField F:\BASES_2021\BASES_MIGRACION_BOYACA\15176.gdb\RURAL\R_TERRENO Fecha_log DATE # # 38 Fecha_log NULLABLE NON_REQUIRED #</Process><Process Name="GLOBALID_N1 (32)" ToolSource="c:\program files (x86)\arcgis\desktop10.3\ArcToolbox\Toolboxes\Data Management Tools.tbx\AddField" Date="20211130" Time="124446">AddField F:\BASES_2021\BASES_MIGRACION_BOYACA\15176.gdb\RURAL\R_TERRENO GLOBALID TEXT # # 38 globalid NULLABLE NON_REQUIRED #</Process><Process Name="Calculate Field (88)" ToolSource="c:\program files (x86)\arcgis\desktop10.3\ArcToolbox\Toolboxes\Data Management Tools.tbx\CalculateField" Date="20211130" Time="162547">CalculateField F:\BASES_2021\BASES_MIGRACION_BOYACA\15176.gdb\RURAL\R_TERRENO GLOBALID_SNC ID() PYTHON_9.3 "def ID():\n  import uuid\n  return '{' + str(uuid.uuid4()) + '}'"</Process><Process Name="Calculate Field (89)" ToolSource="c:\program files (x86)\arcgis\desktop10.3\ArcToolbox\Toolboxes\Data Management Tools.tbx\CalculateField" Date="20211130" Time="162554">CalculateField F:\BASES_2021\BASES_MIGRACION_BOYACA\15176.gdb\RURAL\R_TERRENO codigo_municipio 15176 VB #</Process><Process Name="Calculate Field (90)" ToolSource="c:\program files (x86)\arcgis\desktop10.3\ArcToolbox\Toolboxes\Data Management Tools.tbx\CalculateField" Date="20211130" Time="162601">CalculateField F:\BASES_2021\BASES_MIGRACION_BOYACA\15176.gdb\RURAL\R_TERRENO usuario_log "MIGRACION_2021" VB #</Process><Process Name="Calculate Field (26)" ToolSource="c:\program files (x86)\arcgis\desktop10.3\ArcToolbox\Toolboxes\Data Management Tools.tbx\CalculateField" Date="20211130" Time="162700">CalculateField F:\BASES_2021\BASES_MIGRACION_BOYACA\15176.gdb\RURAL\R_TERRENO fecha_log time.strftime('%d/%m/%Y') PYTHON_9.3 #</Process><Process Name="Calculate Field (158)" ToolSource="c:\program files (x86)\arcgis\desktop10.3\ArcToolbox\Toolboxes\Data Management Tools.tbx\CalculateField" Date="20211130" Time="162739">CalculateField F:\BASES_2021\BASES_MIGRACION_BOYACA\15176.gdb\RURAL\R_TERRENO globalid ID() PYTHON_9.3 "def ID():\n  import uuid\n  return '{' + str(uuid.uuid4()) + '}'"</Process><Process ToolSource="c:\program files\arcgis\server\ArcToolbox\Toolboxes\Data Management Tools.tbx\DeleteRows" Date="20220328" Time="155604">DeleteRows R_TERRENO_tview</Process><Process ToolSource="c:\program files\arcgis\server\ArcToolbox\Toolboxes\Data Management Tools.tbx\Append" Date="20220328" Time="155606">Append layerSelectedRows D:\\temp\ToolAplicarCambios\2022-03-28\632ae152\SNC_15176_tr_15176_2334368.sde\SNC_15176.RURAL\SNC_15176.R_TERRENO NO_TEST "CODIGO "Codigo" true false true 30 Text 0 0 ,First,#,layerSelectedRows,Codigo,-1,-1;VEREDA_CODIGO "Vereda_Codigo" true true false 17 Text 0 0 ,First,#,layerSelectedRows,Vereda_Codigo,-1,-1;NUMERO_SUBTERRANEOS "Numero_Subterraneos" true false true 4 Long 0 10 ,First,#,layerSelectedRows,Numero_Subterraneos,-1,-1;CODIGO_ANTERIOR "Codigo_Anterior" true true false 20 Text 0 0 ,First,#,layerSelectedRows,Codigo_Anterior,-1,-1;USUARIO_LOG "Usuario_Log" true true false 100 Text 0 0 ,First,#,layerSelectedRows,Usuario_Log,-1,-1;FECHA_LOG "Fecha_Log" true true false 8 Date 0 0 ,First,#,layerSelectedRows,Fecha_Log,-1,-1;AREA_M2 "AREA_M2" true true false 8 Double 8 38 ,First,#;CODIGO_MUNICIPIO "codigo_municipio" true true false 5 Text 0 0 ,First,#,layerSelectedRows,codigo_municipio,-1,-1;GLOBALID_SNC "GLOBALID_SNC" true true false 38 Text 0 0 ,First,#,layerSelectedRows,GLOBALID_SNC,-1,-1;GLOBALID "globalid" true true false 38 Text 0 0 ,First,#,layerSelectedRows,GlobalID,-1,-1;SHAPE.AREA "SHAPE.AREA" false false true 0 Double 0 0 ,First,#;SHAPE.LEN "SHAPE.LEN" false false true 0 Double 0 0 ,First,#" #</Process><Process ToolSource="c:\program files (x86)\arcgis\desktop10.5\ArcToolbox\Toolboxes\Data Management Tools.tbx\CalculateField" Date="20221122" Time="103125">CalculateField SNC\R_TERRENO VEREDA_CODIGO mid([CODIGO],17) VB #</Process><Process ToolSource="c:\program files (x86)\arcgis\desktop10.5\ArcToolbox\Toolboxes\Data Management Tools.tbx\CalculateField" Date="20221122" Time="103150">CalculateField SNC\R_TERRENO VEREDA_CODIGO left([CODIGO],17) VB #</Process><Process ToolSource="c:\program files (x86)\arcgis\desktop10.5\ArcToolbox\Toolboxes\Data Management Tools.tbx\CalculateField" Date="20221122" Time="103222">CalculateField SNC\R_TERRENO VEREDA_CODIGO left([CODIGO],17) VB #</Process><Process ToolSource="c:\program files\arcgis\pro\Resources\ArcToolbox\toolboxes\Conversion Tools.tbx\ExportFeatures" Date="20230512" Time="130035">ExportFeatures Rural\R_TERRENO "D:\02-Entrega 18 abril\INFORMACION GEOGRAFICA\DatosAbiertos\R_Terreno.shp" # NOT_USE_ALIAS "CODIGO "Codigo" true true true 30 Text 0 0,First,#,Rural\R_TERRENO,CODIGO,0,30;VEREDA_CODIGO "Vereda_Codigo" true true false 17 Text 0 0,First,#,Rural\R_TERRENO,VEREDA_CODIGO,0,17;NUMERO_SUBTERRANEOS "Numero_Subterraneos" true true true 4 Long 0 0,First,#,Rural\R_TERRENO,NUMERO_SUBTERRANEOS,-1,-1;CODIGO_ANTERIOR "Codigo_Anterior" true true false 20 Text 0 0,First,#,Rural\R_TERRENO,CODIGO_ANTERIOR,0,20;USUARIO_LOG "Usuario_Log" true true false 100 Text 0 0,First,#,Rural\R_TERRENO,USUARIO_LOG,0,100;FECHA_LOG "Fecha_Log" true true false 8 Date 0 0,First,#,Rural\R_TERRENO,FECHA_LOG,-1,-1;AREA_M2 "AREA_M2" true true false 8 Double 0 0,First,#,Rural\R_TERRENO,AREA_M2,-1,-1;CODIGO_MUNICIPIO "codigo_municipio" true true false 5 Text 0 0,First,#,Rural\R_TERRENO,CODIGO_MUNICIPIO,0,5;GLOBALID_SNC "GLOBALID_SNC" true true false 38 Text 0 0,First,#,Rural\R_TERRENO,GLOBALID_SNC,0,38;GLOBALID "globalid" true true false 38 Text 0 0,First,#,Rural\R_TERRENO,GLOBALID,0,38;SHAPE_Length "SHAPE_Length" false true true 8 Double 0 0,First,#,Rural\R_TERRENO,SHAPE_Length,-1,-1;SHAPE_Area "SHAPE_Area" false true true 8 Double 0 0,First,#,Rural\R_TERRENO,SHAPE_Area,-1,-1" #</Process><Process ToolSource="c:\program files\arcgis\pro\Resources\ArcToolbox\Toolboxes\Data Management Tools.tbx\DeleteField" Date="20230512" Time="140208">DeleteField Rural\R_Terreno USUARIO_LO;FECHA_LOG;AREA_M2;CODIGO_MUN;GLOBALID_S;GLOBALID "Delete Fields"</Process></lineage><itemProps><itemLocation><linkage Sync="TRUE">file://\\LAPTOP-P970B5NA\D$\02-Entrega 18 abril\INFORMACION GEOGRAFICA\DatosAbiertos\R_Terreno.shp</linkage><protocol Sync="TRUE">Local Area Network</protocol></itemLocation><itemName Sync="TRUE">R_Terreno</itemName><imsContentType Sync="TRUE">002</imsContentType><itemSize Sync="TRUE">0.000</itemSize></itemProps><coordRef><type Sync="TRUE">Projected</type><geogcsn Sync="TRUE">GCS_SISTEMA_DE_REFERENCIA_GEOCENTRICO_PARA_AMERICA_DEL_SUR_2000</geogcsn><csUnits Sync="TRUE">Linear Unit: Meter (1.000000)</csUnits><projcsn Sync="TRUE">MAGNA_SIRGAS_Origen_Nacional</projcsn><peXml Sync="TRUE">&lt;ProjectedCoordinateSystem xsi:type='typens:ProjectedCoordinateSystem' xmlns:xsi='http://www.w3.org/2001/XMLSchema-instance' xmlns:xs='http://www.w3.org/2001/XMLSchema' xmlns:typens='http://www.esri.com/schemas/ArcGIS/3.1.0'&gt;&lt;WKT&gt;PROJCS[&amp;quot;MAGNA_SIRGAS_Origen_Nacional&amp;quot;,GEOGCS[&amp;quot;GCS_SISTEMA_DE_REFERENCIA_GEOCENTRICO_PARA_AMERICA_DEL_SUR_2000&amp;quot;,DATUM[&amp;quot;D_SISTEMA_DE_REFERENCIA_GEOCENTRICO_PARA_AMERICA_DEL_SUR_2000&amp;quot;,SPHEROID[&amp;quot;GRS_1980&amp;quot;,6378137.0,298.257222101]],PRIMEM[&amp;quot;Greenwich&amp;quot;,0.0],UNIT[&amp;quot;Degree&amp;quot;,0.0174532925199433]],PROJECTION[&amp;quot;Transverse_Mercator&amp;quot;],PARAMETER[&amp;quot;false_easting&amp;quot;,5000000.0],PARAMETER[&amp;quot;false_northing&amp;quot;,2000000.0],PARAMETER[&amp;quot;central_meridian&amp;quot;,-73.0],PARAMETER[&amp;quot;scale_factor&amp;quot;,0.9992],PARAMETER[&amp;quot;latitude_of_origin&amp;quot;,4.0],UNIT[&amp;quot;Meter&amp;quot;,1.0]]&lt;/WKT&gt;&lt;XOrigin&gt;-618700&lt;/XOrigin&gt;&lt;YOrigin&gt;-8436100&lt;/YOrigin&gt;&lt;XYScale&gt;450623577.52990448&lt;/XYScale&gt;&lt;ZOrigin&gt;-100000&lt;/ZOrigin&gt;&lt;ZScale&gt;10000&lt;/ZScale&gt;&lt;MOrigin&gt;-100000&lt;/MOrigin&gt;&lt;MScale&gt;10000&lt;/MScale&gt;&lt;XYTolerance&gt;0.001&lt;/XYTolerance&gt;&lt;ZTolerance&gt;0.001&lt;/ZTolerance&gt;&lt;MTolerance&gt;0.001&lt;/MTolerance&gt;&lt;HighPrecision&gt;true&lt;/HighPrecision&gt;&lt;/ProjectedCoordinateSystem&gt;</peXml></coordRef></DataProperties><SyncDate>20230512</SyncDate><SyncTime>13003400</SyncTime><ModDate>20230512</ModDate><ModTime>13003400</ModTime></Esri><dataIdInfo><envirDesc Sync="TRUE">Microsoft Windows 10 Version 10.0 (Build 22621) ; Esri ArcGIS 13.1.0.41833</envirDesc><dataLang><languageCode value="spa" Sync="TRUE"></languageCode><countryCode value="USA" Sync="TRUE"></countryCode></dataLang><idCitation><resTitle Sync="TRUE">R_Terreno</resTitle><presForm><PresFormCd value="005" Sync="TRUE"></PresFormCd></presForm></idCitation><spatRpType><SpatRepTypCd value="001" Sync="TRUE"></SpatRepTypCd></spatRpType></dataIdInfo><mdLang><languageCode value="spa" Sync="TRUE"></languageCode><countryCode value="USA" Sync="TRUE"></countryCode></mdLang><distInfo><distFormat><formatName Sync="TRUE">Shapefile</formatName></distFormat><distTranOps><transSize Sync="TRUE">0.000</transSize></distTranOps></distInfo><mdHrLv><ScopeCd value="005" Sync="TRUE"></ScopeCd></mdHrLv><mdHrLvName Sync="TRUE">dataset</mdHrLvName><refSysInfo><RefSystem><refSysID><identCode code="0" Sync="TRUE"></identCode></refSysID></RefSystem></refSysInfo><spatRepInfo><VectSpatRep><geometObjs Name="R_Terreno"><geoObjTyp><GeoObjTypCd value="002" Sync="TRUE"></GeoObjTypCd></geoObjTyp><geoObjCnt Sync="TRUE">0</geoObjCnt></geometObjs><topLvl><TopoLevCd value="001" Sync="TRUE"></TopoLevCd></topLvl></VectSpatRep></spatRepInfo><spdoinfo><ptvctinf><esriterm Name="R_Terreno"><efeatyp Sync="TRUE">Simple</efeatyp><efeageom code="4" Sync="TRUE"></efeageom><esritopo Sync="TRUE">FALSE</esritopo><efeacnt Sync="TRUE">0</efeacnt><spindex Sync="TRUE">FALSE</spindex><linrefer Sync="TRUE">FALSE</linrefer></esriterm></ptvctinf></spdoinfo><eainfo><detailed Name="R_Terreno"><enttyp><enttypl Sync="TRUE">R_Terreno</enttypl><enttypt Sync="TRUE">Feature Class</enttypt><enttypc Sync="TRUE">0</enttypc></enttyp><attr><attrlabl Sync="TRUE">FID</attrlabl><attalias Sync="TRUE">FID</attalias><attrtype Sync="TRUE">OID</attrtype><attwidth Sync="TRUE">4</attwidth><atprecis Sync="TRUE">0</atprecis><attscale Sync="TRUE">0</attscale><attrdef Sync="TRUE">Internal feature number.</attrdef><attrdefs Sync="TRUE">Esri</attrdefs><attrdomv><udom Sync="TRUE">Sequential unique whole numbers that are automatically generated.</udom></attrdomv></attr><attr><attrlabl Sync="TRUE">Shape</attrlabl><attalias Sync="TRUE">Shape</attalias><attrtype Sync="TRUE">Geometry</attrtype><attwidth Sync="TRUE">0</attwidth><atprecis Sync="TRUE">0</atprecis><attscale Sync="TRUE">0</attscale><attrdef Sync="TRUE">Feature geometry.</attrdef><attrdefs Sync="TRUE">Esri</attrdefs><attrdomv><udom Sync="TRUE">Coordinates defining the features.</udom></attrdomv></attr><attr><attrlabl Sync="TRUE">CODIGO</attrlabl><attalias Sync="TRUE">CODIGO</attalias><attrtype Sync="TRUE">String</attrtype><attwidth Sync="TRUE">30</attwidth><atprecis Sync="TRUE">0</atprecis><attscale Sync="TRUE">0</attscale></attr><attr><attrlabl Sync="TRUE">VEREDA_COD</attrlabl><attalias Sync="TRUE">VEREDA_COD</attalias><attrtype Sync="TRUE">String</attrtype><attwidth Sync="TRUE">17</attwidth><atprecis Sync="TRUE">0</atprecis><attscale Sync="TRUE">0</attscale></attr><attr><attrlabl Sync="TRUE">NUMERO_SUB</attrlabl><attalias Sync="TRUE">NUMERO_SUB</attalias><attrtype Sync="TRUE">Integer</attrtype><attwidth Sync="TRUE">10</attwidth><atprecis Sync="TRUE">10</atprecis><attscale Sync="TRUE">0</attscale></attr><attr><attrlabl Sync="TRUE">CODIGO_ANT</attrlabl><attalias Sync="TRUE">CODIGO_ANT</attalias><attrtype Sync="TRUE">String</attrtype><attwidth Sync="TRUE">20</attwidth><atprecis Sync="TRUE">0</atprecis><attscale Sync="TRUE">0</attscale></attr><attr><attrlabl Sync="TRUE">USUARIO_LO</attrlabl><attalias Sync="TRUE">USUARIO_LO</attalias><attrtype Sync="TRUE">String</attrtype><attwidth Sync="TRUE">100</attwidth><atprecis Sync="TRUE">0</atprecis><attscale Sync="TRUE">0</attscale></attr><attr><attrlabl Sync="TRUE">FECHA_LOG</attrlabl><attalias Sync="TRUE">FECHA_LOG</attalias><attrtype Sync="TRUE">Date</attrtype><attwidth Sync="TRUE">8</attwidth><atprecis Sync="TRUE">0</atprecis><attscale Sync="TRUE">0</attscale></attr><attr><attrlabl Sync="TRUE">AREA_M2</attrlabl><attalias Sync="TRUE">AREA_M2</attalias><attrtype Sync="TRUE">Double</attrtype><attwidth Sync="TRUE">19</attwidth><atprecis Sync="TRUE">0</atprecis><attscale Sync="TRUE">0</attscale></attr><attr><attrlabl Sync="TRUE">CODIGO_MUN</attrlabl><attalias Sync="TRUE">CODIGO_MUN</attalias><attrtype Sync="TRUE">String</attrtype><attwidth Sync="TRUE">5</attwidth><atprecis Sync="TRUE">0</atprecis><attscale Sync="TRUE">0</attscale></attr><attr><attrlabl Sync="TRUE">GLOBALID_S</attrlabl><attalias Sync="TRUE">GLOBALID_S</attalias><attrtype Sync="TRUE">String</attrtype><attwidth Sync="TRUE">38</attwidth><atprecis Sync="TRUE">0</atprecis><attscale Sync="TRUE">0</attscale></attr><attr><attrlabl Sync="TRUE">GLOBALID</attrlabl><attalias Sync="TRUE">GLOBALID</attalias><attrtype Sync="TRUE">String</attrtype><attwidth Sync="TRUE">38</attwidth><atprecis Sync="TRUE">0</atprecis><attscale Sync="TRUE">0</attscale></attr><attr><attrlabl Sync="TRUE">SHAPE_Leng</attrlabl><attalias Sync="TRUE">SHAPE_Leng</attalias><attrtype Sync="TRUE">Double</attrtype><attwidth Sync="TRUE">19</attwidth><atprecis Sync="TRUE">0</atprecis><attscale Sync="TRUE">0</attscale></attr><attr><attrlabl Sync="TRUE">SHAPE_Area</attrlabl><attalias Sync="TRUE">SHAPE_Area</attalias><attrtype Sync="TRUE">Double</attrtype><attwidth Sync="TRUE">19</attwidth><atprecis Sync="TRUE">0</atprecis><attscale Sync="TRUE">0</attscale><attrdef Sync="TRUE">Area of feature in internal units squared.</attrdef><attrdefs Sync="TRUE">Esri</attrdefs><attrdomv><udom Sync="TRUE">Positive real numbers that are automatically generated.</udom></attrdomv></attr></detailed></eainfo><mdDateSt Sync="TRUE">20230512</mdDateSt></metadata>
